family_id,title,pdf_path,pdf_exists,pdf_bytes,source_tex_files,source_available,readme_available
001,Milne's rationality conjecture for abelian varieties,preprints/Milnes-rationality-conjecture-for-abelian-varieties-October-7-2026/paper.pdf,True,595267,9,True,True
002,Exact Birch–Swinnerton-Dyer Formula from Low Selmer Corank,preprints/Exact-Birch-Swinnerton-Dyer-Formula-from-Low-Selmer-Corank-October-7-2026/exact-bsd-low-selmer-corank.pdf,True,874353,12,True,True
002,The Selmer converse for elliptic curves at every prime,preprints/The-Selmer-converse-for-elliptic-curves-at-every-prime-October-7-2026/main.pdf,True,869458,14,True,True
002,The two-primary Birch–Swinnerton-Dyer formula in Selmer corank at most one,preprints/The-two-primary-Birch-Swinnerton-Dyer-formula-in-Selmer-corank-at-most-one-October-6-2026/paper.pdf,True,1279386,17,True,True
003,The Quasi-Riemann Hypothesis: A Zero-Free Half-Plane $\Re s\gt 7/8$,preprints/The-Quasi-Riemann-Hypothesis-September-30-2026/paper.pdf,True,1588969,1,True,True
003,The Quasi-Riemann Hypothesis (alternate 11/12 proof),preprints/The-Quasi-Riemann-Hypothesis-October-5-2026/paper2.pdf,True,784503,1,True,True
003,Uniform exclusion of Landau–Siegel zeros,preprints/Uniform-exclusion-of-Landau-Siegel-zeros-October-1-2026/paper.pdf,True,404812,1,True,True
004,Hilbert’s tenth problem over the rational numbers,preprints/Hilberts-tenth-problem-over-the-rational-numbers-October-6-2026/main.pdf,True,701017,9,True,True
004,A pointwise 2-converse for elliptic curves with rational two-torsion,preprints/A-pointwise-2-converse-for-elliptic-curves-with-rational-two-torsion-October-7-2026/paper.pdf,True,893027,11,True,True
005,Catalan's constant is irrational,preprints/Catalans-constant-is-irrational-September-24-2026/paper.pdf,True,574388,9,True,True
006,Goldfeld's analytic density conjecture and the 2-converse for elliptic curves,preprints/Goldfelds-analytic-density-conjecture-and-the-2-converse-for-elliptic-curves-October-7-2026/paper.pdf,True,1087540,15,True,True
006,The mean analytic rank of quadratic twists of elliptic curves,preprints/The-mean-analytic-rank-of-quadratic-twists-of-elliptic-curves-October-6-2026/paper.pdf,True,549633,8,True,True
007,Ordinary two-point correlations of multiplicative functions,preprints/Ordinary-two-point-correlations-of-multiplicative-functions-September-24-2026/final.pdf,True,819391,18,True,True
008,The Deligne-Drinfeld conjecture,preprints/The-Deligne-Drinfeld-conjecture-September-23-2026/paper.pdf,True,539601,13,True,True
009,Reconstruction of Function Fields from Mod-ℓ Milnor K-Theory,preprints/Reconstruction-of-Function-Fields-from-Mod-ell-Milnor-K-Theory-October-5-2026/mod-ell-bogomolov-pop.pdf,True,559547,10,True,True
009,Reconstruction from Milnor K-theory modulo the characteristic,preprints/Reconstruction-from-Milnor-K-theory-modulo-the-characteristic-October-5-2026/paper.pdf,True,348272,7,True,True
009,The Bogomolov-Pop reconstruction theorem,preprints/The-Bogomolov-Pop-reconstruction-theorem-September-23-2026/paper.pdf,True,449982,8,True,True
010,Unrestricted pro-modularity at the prime two,preprints/Unrestricted-pro-modularity-at-the-prime-two-October-6-2026/two-adic-promodularity.pdf,True,454918,7,True,True
010,The Dimension of the Two-Adic Hecke Algebra at Odd Level,preprints/The-Dimension-of-the-Two-Adic-Hecke-Algebra-at-Odd-Level-October-5-2026/two-adic-hecke.pdf,True,347687,1,True,True
010,Fontaine–Mazur modularity at the prime 2,preprints/Fontaine-Mazur-modularity-at-the-prime-2-October-6-2026/paper.pdf,True,767547,9,True,True
011,"Weighted dilation graphs, smooth shifted primes and totient fibers",preprints/Weighted-Dilation-Graphs-Smooth-Shifted-Primes-and-Totient-Fibers-September-24-2026/paper.pdf,True,802390,10,True,True
011,The Poisson-Dirichlet law for prime predecessors,preprints/The-Poisson-Dirichlet-Law-for-Prime-Predecessors-September-24-2026/paper.pdf,True,795971,13,True,True
011,Prime Predecessors with an Even Number of Prime Factors,preprints/Prime-Predecessors-with-an-Even-Number-of-Prime-Factors-September-17-2026/paper.pdf,True,599500,9,True,True
012,The joint Dickman law for consecutive integers,preprints/The-joint-Dickman-law-for-consecutive-integers-September-24-2026/paper.pdf,True,578632,13,True,True
013,The additive indecomposability of the primes,preprints/the-additive-indecomposability-of-the-primes-September-24-2026/paper.pdf,True,764239,11,True,True
014,Global Arthur Enhancements of Cuspidal Excursion Parameters,preprints/Global-Arthur-Enhancements-of-Cuspidal-Excursion-Parameters-October-5-2026/manuscript.pdf,True,793468,1,True,True
014,Rationality of the Canonical Unramified Arthur Filtration,preprints/Rationality-of-the-Canonical-Unramified-Arthur-Filtration-September-24-2026/paper.pdf,True,654080,10,True,True
014,Ramanujan-Arthur Decompositions of Cuspidal Functions at Full Finite Level,preprints/Ramanujan-Arthur-Decompositions-of-Cuspidal-Functions-at-Full-Finite-Level-September-24-2026/paper.pdf,True,750187,8,True,True
014,Temperedness at ramified places for globally generic exceptional groups,preprints/Temperedness-at-ramified-places-for-globally-generic-exceptional-groups-October-5-2026/ramified-ramanujan.pdf,True,401075,8,True,True
014,The Restricted Geometric Langlands Equivalence in Positive Characteristic,preprints/The-Restricted-Geometric-Langlands-Equivalence-in-Positive-Characteristic-September-24-2026/paper.pdf,True,574527,10,True,True
014,Constructible tame Hecke eigensheaves in positive characteristic,preprints/Constructible-tame-Hecke-eigensheaves-in-positive-characteristic-October-5-2026/constructible-tame-hecke-eigensheaves-positive-characteristic.pdf,True,669524,10,True,True
014,Tame Hecke Eigensheaves with Several Marked Points,preprints/Tame-Hecke-Eigensheaves-with-Several-Marked-Points-October-5-2026/Tame-Hecke-Eigensheaves-with-Several-Marked-Points.pdf,True,614643,11,True,True
014,Frobenius Structures on Tame Hecke Eigensheaves,preprints/Frobenius-Structures-on-Tame-Hecke-Eigensheaves-October-5-2026/tame-hecke-frobenius.pdf,True,503521,9,True,True
015,Equidistribution of Prime-Degree Torus Packets with Arbitrary Local Type,preprints/Equidistribution-of-Prime-Degree-Torus-Packets-with-Arbitrary-Local-Type-September-24-2026/paper.pdf,True,404189,7,True,True
015,Equidistribution of primitive quartic torus packets for arbitrary orders,preprints/Equidistribution-of-Primitive-Quartic-Torus-Packets-for-Arbitrary-Orders-October-5-2026/quartic-torus-packets.pdf,True,759557,11,True,True
015,Equidistribution of Primitive Sextic Torus Packets,preprints/Equidistribution-of-Primitive-Sextic-Torus-Packets-October-5-2026/primitive-sextic-torus-packets.pdf,True,712636,11,True,True
016,The abelian Zilber–Pink conjecture,preprints/The-Abelian-Zilber-Pink-Conjecture-September-24-2026/paper.pdf,True,623169,13,True,True
016,The E×CM component of Zilber–Pink for curves in A2,preprints/The-E-times-CM-Component-of-Zilber-Pink-for-Curves-in-A2-September-24-2026/paper.pdf,True,413183,1,True,True
016,Quaternionic division points on curves in the Siegel threefold,preprints/Quaternionic-Division-Points-on-Curves-in-the-Siegel-Threefold-September-24-2026/paper.pdf,True,571090,9,True,True
016,Elliptic squares and Zilber–Pink for curves in A2,preprints/Elliptic-Squares-and-Zilber-Pink-for-Curves-in-A2-September-24-2026/paper.pdf,True,719203,13,True,True
017,The irrationality exponent of pi is 2,preprints/The-irrationality-exponent-of-pi-is-2-September-24-2026/paper.pdf,True,494460,5,True,True
018,The Margulis–Platonov conjecture over global function fields,preprints/The-Margulis-Platonov-conjecture-over-global-function-fields-October-5-2026/margulis-platonov-global-function-fields.pdf,True,797463,15,True,True
018,The Margulis–Platonov conjecture over number fields,preprints/The-Margulis-Platonov-conjecture-over-number-fields-September-23-2026/paper.pdf,True,773917,11,True,True
019,Étale covers with a prescribed exterior sheet,preprints/Etale-covers-with-a-prescribed-exterior-sheet-September-24-2026/main.pdf,True,319576,6,True,True
019,The p-adic section conjecture,preprints/The-p-adic-section-conjecture-October-6-2026/main.pdf,True,491950,10,True,True
020,Squarefree values of quartics and power-free values of polynomials,preprints/Squarefree-values-of-quartics-and-power-free-values-of-polynomials-September-24-2026/manuscript.pdf,True,676811,15,True,True
021,A quadratic bound for Jacobsthal's function,preprints/A-quadratic-bound-for-Jacobsthals-function-September-25-2026/paper.pdf,True,824106,15,True,True
022,"0,\infty)$, divergence of $\sum_q\phi(q)\psi(q)/q$ implies $\|qx-\gamma\|\lt \psi(q)$ for infinitely many q , for almost every x . Here ϕ is Euler's totient and the norm is distance to the nearest integer. Numerators are unrestricted; no monotonicity or Diophantine condition on γ is needed. [The Weak Inhomogeneous Duffin–Schaeffer Conjecture",preprints/The-weak-inhomogeneous-Duffin-Schaeffer-conjecture-September-25-2026/paper.pdf,True,837552,14,True,True
023,An unconditional first moment for cubic Gauss sums,preprints/An-unconditional-first-moment-for-cubic-Gauss-sums-September-25-2026/paper.pdf,True,649981,8,True,True
024,An asymptotic formula for the number of totients,preprints/An-asymptotic-formula-for-the-number-of-totients-September-25-2026/An-asymptotic-formula-for-the-number-of-totients-September-25-2026.pdf,True,563178,8,True,True
025,Short Egyptian fractions,preprints/Short-Egyptian-fractions-September-25-2026/Short-Egyptian-fractions-September-25-2026.pdf,True,530973,10,True,True
026,Positive lower density of large prime gaps,preprints/Positive-lower-density-of-large-prime-gaps-September-25-2026/main.pdf,True,434255,6,True,True
027,Integral points on character varieties of curves,preprints/Integral-points-on-character-varieties-of-curves-September-25-2026/paper.pdf,True,466173,11,True,True
028,Bounded-Step Walks on Gaussian Primes,preprints/Bounded-Step-Walks-on-Gaussian-Primes-September-26-2026/paper.pdf,True,489172,8,True,True
029,Primitive roots for every admissible integer base,preprints/Primitive-roots-for-every-admissible-integer-base-October-4-2026/primitive-roots-all-integer-bases.pdf,True,891737,16,True,True
029,Simultaneous primitive roots: a conditional lower bound for prime bases,preprints/Simultaneous-primitive-roots-a-conditional-lower-bound-for-prime-bases-October-4-2026/simultaneous-primitive-roots-conditional-lower-bound-prime-bases.pdf,True,450863,8,True,True
030,Modularity of elliptic curves over imaginary quadratic fields,preprints/Modularity-of-elliptic-curves-over-imaginary-quadratic-fields-October-4-2026/paper.pdf,True,519636,12,True,True
031,Open Homomorphisms of Global Solvably Closed Galois Groups,preprints/Open-Homomorphisms-of-Global-Solvably-Closed-Galois-Groups-October-5-2026/open-homomorphisms-solvably-closed-galois-groups.pdf,True,456051,8,True,True
032,The rational Hodge conjecture for CM abelian varieties,preprints/The-rational-Hodge-conjecture-for-CM-abelian-varieties-October-6-2026/paper.pdf,True,427045,12,True,True
032,Algebraic Kuga–Satake correspondences and Hodge conjectures on a K3 quadratic locus,preprints/Algebraic-Kuga-Satake-correspondences-and-Hodge-conjectures-on-a-K3-quadratic-locus-September-30-2026/paper.pdf,True,833378,1,True,True
032,Weil classes and Hodge classes on abelian powers,preprints/Weil-classes-and-Hodge-classes-on-abelian-powers-October-6-2026/paper.pdf,True,919530,1,True,True
032,"Abelian covers, Gale correspondences, and the Hodge conjecture for powers",preprints/Abelian-covers-Gale-correspondences-and-the-Hodge-conjecture-for-powers-October-6-2026/paper.pdf,True,582369,1,True,True
032,A Conditional Reduction for Algebraic Kuga–Satake Correspondences,preprints/A-Conditional-Reduction-for-Algebraic-Kuga-Satake-Correspondences-September-10-2026/paper.pdf,True,487614,10,True,True
033,Orbifold and logarithmic Iitaka subadditivity,preprints/Orbifold-and-logarithmic-Iitaka-subadditivity-September-26-2026/paper.pdf,True,677817,12,True,True
033,Logarithmic Kodaira dimension and whole-fiber variation,preprints/Logarithmic-Kodaira-dimension-and-whole-fiber-variation-September-26-2026/paper.pdf,True,816662,15,True,True
033,The reverse logarithmic Kodaira inequality and additivity,preprints/The-reverse-logarithmic-Kodaira-inequality-and-additivity-September-26-2026/paper.pdf,True,629713,10,True,True
033,Projective Hodge lines and ordinary Iitaka subadditivity,preprints/Projective-Hodge-lines-and-ordinary-Iitaka-subadditivity-September-27-2026/paper.pdf,True,587812,11,True,True
033,B-semiampleness for compact log-smooth Kähler fibrations,preprints/B-semiampleness-for-compact-log-smooth-Kahler-fibrations-September-10-2026/paper.pdf,True,554622,10,True,True
034,Log abundance for compact Kähler spaces under logarithmic Iitaka subadditivity,preprints/Log-abundance-for-compact-Kahler-spaces-under-logarithmic-Iitaka-subadditivity-October-6-2026/main.pdf,True,1276661,15,True,True
034,Uniform indices for semi-log-canonical log Calabi–Yau pairs,preprints/Uniform-indices-for-semi-log-canonical-log-Calabi-Yau-pairs-October-5-2026/uniform-slc-index.pdf,True,576397,11,True,True
034,Conditional good minimal models for compact Kähler fourfolds,preprints/Conditional-good-minimal-models-for-compact-Kahler-fourfolds-October-6-2026/paper.pdf,True,1075564,21,True,True
034,Log abundance in characteristic zero,preprints/Log-abundance-in-characteristic-zero-September-24-2026/paper.pdf,True,813482,16,True,True
034,Minimal metrics and interior injectivity for nef adjoints,preprints/Minimal-metrics-and-interior-injectivity-for-nef-adjoints-September-27-2026/paper.pdf,True,423226,7,True,True
034,Fourfold nonvanishing by minimal metrics and moving jets,preprints/Fourfold-nonvanishing-by-minimal-metrics-and-moving-jets-September-27-2026/paper.pdf,True,510649,11,True,True
034,Lifting sections from the reduced support of an adjoint,preprints/Lifting-sections-from-the-reduced-support-of-an-adjoint-September-27-2026/paper.pdf,True,567563,11,True,True
034,Schnell fiber spaces and good canonical models,preprints/Schnell-fiber-spaces-and-good-canonical-models-September-24-2026/paper.pdf,True,363982,5,True,True
034,Uniform log Iitaka fibrations and bounded moduli denominators,preprints/Uniform-log-Iitaka-fibrations-and-bounded-moduli-denominators-October-4-2026/uniform-log-iitaka.pdf,True,456014,11,True,True
034,Uniform Pluricanonical Iitaka Fibrations,preprints/Uniform-Pluricanonical-Iitaka-Fibrations-October-3-2026/paper.pdf,True,539803,10,True,True
034,Relative denominators and effective systems for log Calabi-Yau fibrations,preprints/Relative-denominators-and-effective-systems-for-log-Calabi-Yau-fibrations-September-27-2026/paper.pdf,True,238899,9,True,True
034,Arithmetic Stein-degree bounds for log Calabi–Yau pairs,preprints/Arithmetic-Stein-degree-bounds-for-log-Calabi-Yau-pairs-September-25-2026/paper.pdf,True,268882,1,True,True
034,Uniform effective log Iitaka fibrations for fourfolds,preprints/Uniform-effective-log-Iitaka-fibrations-for-fourfolds-September-26-2026/paper.pdf,True,395786,12,True,True
034,Abundance after nonvanishing for compact Kähler fourfolds,preprints/Abundance-after-nonvanishing-for-compact-Kahler-fourfolds-September-27-2026/paper.pdf,True,833157,17,True,True
035,Log abundance in numerical dimension one for threefolds in positive characteristic,preprints/Log-abundance-in-numerical-dimension-one-for-threefolds-in-positive-characteristic-October-5-2026/paper.pdf,True,375750,8,True,True
035,Abundance in numerical dimension one for terminal threefolds in positive characteristic,preprints/Abundance-in-numerical-dimension-one-for-terminal-threefolds-in-positive-characteristic-September-24-2026/paper.pdf,True,570899,8,True,True
036,Numerical semiampleness of nef adjoint classes on compact Kähler manifolds,preprints/Numerical-semiampleness-of-nef-adjoint-classes-on-compact-Kahler-manifolds-October-6-2026/numerical-generalized-abundance.pdf,True,634488,10,True,True
036,Numerical Semiampleness of Nef Adjoint Divisors,preprints/Numerical-Semiampleness-of-Nef-Adjoint-Divisors-October-3-2026/paper.pdf,True,556657,10,True,True
036,Minimal models and Mori fibre spaces for generalized log canonical Q-pairs,preprints/Minimal-models-and-Mori-fibre-spaces-for-generalized-log-canonical-Q-pairs-September-24-2026/paper.pdf,True,787728,15,True,True
036,Minimal models in numerical dimension one,preprints/Minimal-models-in-numerical-dimension-one-September-24-2026/paper.pdf,True,341906,5,True,True
037,The ordinary-double-point gap in every dimension,preprints/The-ordinary-double-point-gap-in-every-dimension-September-24-2026/paper.pdf,True,649493,11,True,True
037,The normalized-volume gap in dimension four,preprints/The-normalized-volume-gap-in-dimension-four-September-24-2026/paper.pdf,True,383146,1,True,True
038,Fujita's freeness conjecture,preprints/Fujitas-freeness-conjecture-September-23-2026/Fujitas-freeness-conjecture-September-23-2026.pdf,True,485593,7,True,True
039,Nagata's conjecture for plane curves,preprints/Nagatas-Conjecture-for-Plane-Curves-September-23-2026/main.pdf,True,446667,8,True,True
039,Maximal Seshadri constants on arbitrary polarized surfaces,preprints/Maximal-Seshadri-Constants-on-Arbitrary-Polarized-Surfaces-September-23-2026/main.pdf,True,404058,10,True,True
039,Maximal Multipoint Seshadri Constants in Higher Dimensions,preprints/Maximal-Multipoint-Seshadri-Constants-in-Higher-Dimensions-October-5-2026/main.pdf,True,425643,18,True,True
039,Maximal multipoint Seshadri constants in positive characteristic,preprints/Maximal-multipoint-Seshadri-constants-in-positive-characteristic-October-5-2026/seshadri-positive-characteristic.pdf,True,411711,8,True,True
040,Bloch’s conjecture for surfaces with p_g=0,preprints/Blochs-Conjecture-for-Surfaces-with-pg-equals-q-equals-0-September-24-2026/paper.pdf,True,606566,12,True,True
041,Projective-space bases of Lagrangian fibrations,preprints/Projective-Space-Bases-of-Lagrangian-Fibrations-September-23-2026/main.pdf,True,989907,13,True,True
041,The strong hyperkähler SYZ conjecture,preprints/The-Strong-Hyperkahler-SYZ-Conjecture-September-23-2026/main.pdf,True,531783,9,True,True
042,Every complex K3 surface is Oka,preprints/Every-complex-K3-surface-is-Oka-September-23-2026/paper.pdf,True,608210,13,True,True
043,P=W in composite rank for fixed determinant,preprints/P-equals-W-in-composite-rank-for-fixed-determinant-September-24-2026/P-equals-W-in-composite-rank-for-fixed-determinant-September-24-2026.pdf,True,545375,11,True,True
044,The equivariant cohomological Hikita conjecture for arbitrary quivers,preprints/The-equivariant-cohomological-Hikita-conjecture-for-arbitrary-quivers-September-24-2026/main.pdf,True,630817,10,True,True
046,A projective fourfold with large fundamental group and non-Stein universal cover,preprints/A-projective-fourfold-with-large-fundamental-group-and-non-Stein-universal-cover-October-5-2026/large-fundamental-group-non-stein.pdf,True,593161,12,True,True
046,A surface counterexample to Shafarevich holomorphic convexity,preprints/A-surface-counterexample-to-Shafarevich-holomorphic-convexity-September-23-2026/paper.pdf,True,452394,7,True,True
047,An explicit failure of complex affine-space cancellation,preprints/An-explicit-failure-of-complex-affine-space-cancellation-September-23-2026/paper.pdf,True,468885,10,True,True
048,A singular normal affine surface with free tangent sheaf,preprints/A-singular-normal-affine-surface-with-free-tangent-sheaf-September-23-2026/paper.pdf,True,505802,8,True,True
049,A stable coordinate that is not a coordinate in four variables,preprints/A-stable-coordinate-that-is-not-a-coordinate-in-four-variables-October-5-2026/stable-coordinate-four-variables.pdf,True,338818,6,True,True
049,An explicit noncoordinate polynomial with affine three-space zero fibre,preprints/An-explicit-noncoordinate-polynomial-with-affine-three-space-zero-fibre-September-24-2026/paper.pdf,True,269560,1,True,True
050,Ample rank-two bundles on the quadric surface without Griffiths-positive metrics,preprints/ample-rank-two-bundles-on-the-quadric-surface-without-griffiths-positive-metrics-September-24-2026/paper.pdf,True,389997,7,True,True
051,Canonical ampleness of compact hyperbolic Kähler manifolds,preprints/Canonical-ampleness-of-compact-hyperbolic-Kahler-manifolds-September-23-2026/canonical-ampleness.pdf,True,494077,10,True,True
052,Universal-cover splitting for compact Kähler manifolds,preprints/Universal-cover-splitting-for-compact-Kahler-manifolds-September-23-2026/paper.pdf,True,479820,15,True,True
052,Integrability of split tangent bundles on rationally connected manifolds,preprints/Integrability-of-split-tangent-bundles-on-rationally-connected-manifolds-September-23-2026/main.pdf,True,362906,10,True,True
053,A high-arity counterexample to Pixton completeness in Chow,preprints/A-high-arity-counterexample-to-Pixton-completeness-in-Chow-September-24-2026/paper.pdf,True,714470,12,True,True
054,Irrational cubic fourfolds with geometric K3 categories,preprints/Irrational-cubic-fourfolds-with-geometric-K3-categories-September-24-2026/Irrational-cubic-fourfolds-with-geometric-K3-categories-September-24-2026.pdf,True,673102,8,True,True
055,A Gepner stability condition on every smooth quintic threefold,preprints/A-Gepner-stability-condition-on-every-smooth-quintic-threefold-September-24-2026/paper.pdf,True,482371,7,True,True
055,Prescribed large-volume charges on threefolds with trivial canonical bundle,preprints/Prescribed-large-volume-charges-on-threefolds-with-trivial-canonical-bundle-September-24-2026/paper.pdf,True,625204,9,True,True
056,Termination of generalized log canonical flips on compact Kähler fourfolds,preprints/Termination-of-generalized-log-canonical-flips-on-compact-Kahler-fourfolds-October-7-2026/termination-generalized-lc-kahler-fourfolds.pdf,True,646791,12,True,True
056,Termination of generalized-canonical flips on compact Kähler fourfolds,preprints/Termination-of-generalized-canonical-flips-on-compact-Kahler-fourfolds-October-6-2026/termination-generalized-terminal-flips-compact-kahler-fourfolds.pdf,True,396720,9,True,True
056,Termination for projective log canonical fourfolds with rational boundary,preprints/Termination-for-projective-log-canonical-fourfolds-with-rational-boundary-September-24-2026/paper.pdf,True,578224,11,True,True
056,Finite ordinary minimal model programs on compact Kähler fourfolds,preprints/Finite-ordinary-minimal-model-programs-on-compact-Kahler-fourfolds-October-6-2026/paper.pdf,True,871298,16,True,True
056,Finite ordinary minimal model programs on compact Kähler fourfolds,preprints/Finite-ordinary-minimal-model-programs-on-compact-Kahler-fourfolds-September-24-2026/paper.pdf,True,537440,10,True,True
057,The abelianity conjecture for special compact Kähler manifolds,preprints/The-abelianity-conjecture-for-special-compact-Kahler-manifolds-September-23-2026/paper.pdf,True,589072,9,True,True
057,Two-step monodromy of special quasi-projective varieties,preprints/Two-step-monodromy-of-special-quasi-projective-varieties-September-24-2026/paper.pdf,True,418910,10,True,True
057,A conditional abelianity theorem for special fourfold pairs with a half-weight divisor,preprints/A-conditional-abelianity-theorem-for-special-fourfold-pairs-with-a-half-weight-divisor-October-5-2026/main.pdf,True,435599,12,True,True
058,Semialgebraic universal covers of normal projective varieties,preprints/Semialgebraic-universal-covers-of-normal-projective-varieties-September-24-2026/paper.pdf,True,684575,10,True,True
058,Symmetry of semialgebraic bounded domains with compact quotient,preprints/Symmetry-of-semialgebraic-bounded-domains-with-compact-quotient-September-24-2026/paper.pdf,True,422655,8,True,True
059,Ambiently homeomorphic isolated hypersurfaces of multiplicities two and three,preprints/Ambiently-homeomorphic-isolated-hypersurfaces-of-multiplicities-two-and-three-September-24-2026/paper.pdf,True,560543,10,True,True
059,Ambiently homeomorphic isolated hypersurface germs in ℂ⁴ with multiplicities four and five,preprints/Ambiently-homeomorphic-isolated-hypersurface-germs-in-C4-with-multiplicities-four-and-five-September-27-2026/paper.pdf,True,410248,12,True,True
060,Global Spherical Shells on Minimal Surfaces of Class VII,preprints/Global-Spherical-Shells-on-Minimal-Surfaces-of-Class-VII-September-24-2026/paper.pdf,True,563076,9,True,True
062,Contact Fano manifolds and the LeBrun–Salamon conjecture,preprints/Contact-Fano-manifolds-and-the-LeBrun-Salamon-conjecture-September-23-2026/paper.pdf,True,554811,12,True,True
063,The generalized Mukai conjecture,preprints/The-Generalized-Mukai-Conjecture-September-24-2026/article.pdf,True,428561,7,True,True
064,Topological triviality of mu-constant families of surface singularities,preprints/Topological-triviality-of-mu-constant-families-of-surface-singularities-September-24-2026/main.pdf,True,519002,18,True,True
065,Virasoro Constraints under Projectivization,preprints/Virasoro-Constraints-under-Projectivization-October-5-2026/virasoro-constraints-under-projectivization.pdf,True,539629,11,True,True
065,Virasoro Constraints for Projective Complete Intersections,preprints/Virasoro-Constraints-for-Projective-Complete-Intersections-September-24-2026/article.pdf,True,580927,10,True,True
066,Bounded klt complements for Fano contractions,preprints/Bounded-klt-complements-for-Fano-contractions-September-25-2026/Bounded-klt-complements-for-Fano-contractions-September-25-2026.pdf,True,844879,17,True,True
066,Uniform Cartier sections for Fano type contractions,preprints/Uniform-Cartier-sections-for-Fano-type-contractions-September-25-2026/Uniform-Cartier-sections-for-Fano-type-contractions-September-25-2026.pdf,True,966439,10,True,True
067,The Campana–Peternell conjecture in dimension six,preprints/The-Campana-Peternell-conjecture-in-dimension-six-September-25-2026/main.pdf,True,544212,11,True,True
068,Anticanonical nonvanishing from smooth semipositivity,preprints/Anticanonical-nonvanishing-from-smooth-semipositivity-September-26-2026/main.pdf,True,462008,8,True,True
068,Invariant anticanonical indices and conversion of twisted differentials,preprints/Invariant-anticanonical-indices-and-conversion-of-twisted-differentials-September-26-2026/main.pdf,True,431384,6,True,True
068,Bounded anticanonical metrics on klt pairs and torus quotients,preprints/Bounded-anticanonical-metrics-on-klt-pairs-and-torus-quotients-September-26-2026/main.pdf,True,468717,5,True,True
068,Cohomological transfer and equivariant anticanonical sections,preprints/Cohomological-transfer-and-equivariant-anticanonical-sections-September-26-2026/main.pdf,True,605625,15,True,True
068,Metric descent and rank-preserving contractions,preprints/Metric-descent-and-rank-preserving-contractions-September-26-2026/main.pdf,True,720524,12,True,True
068,Integrable metrics and effectivity with controlled boundary,preprints/Integrable-metrics-and-effectivity-with-controlled-boundary-September-26-2026/main.pdf,True,626070,11,True,True
068,Exact orders and invariant anticanonical linear systems,preprints/Exact-orders-and-invariant-anticanonical-linear-systems-September-26-2026/main.pdf,True,604565,16,True,True
069,Global quantum geometric Langlands at irrational level,preprints/Global-quantum-geometric-Langlands-at-irrational-level-October-4-2026/quantum-langlands.pdf,True,970466,16,True,True
071,Removable Boundaries and Rigidity of Circle Domains,preprints/Removable-Boundaries-and-Rigidity-of-Circle-Domains-September-23-2026/paper.pdf,True,450932,10,True,True
071,Koebe's Circle-Domain Conjecture,preprints/Koebes-Circle-Domain-Conjecture-September-23-2026/paper.pdf,True,674375,12,True,True
072,Brennan's conjecture and sharp inverse-square integral means,preprints/Brennans-conjecture-and-sharp-inverse-square-integral-means-September-24-2026/paper.pdf,True,473837,10,True,True
072,A strict inverse-first-power bound for univalent functions,preprints/A-strict-inverse-first-power-bound-for-univalent-functions-September-24-2026/paper.pdf,True,369939,9,True,True
073,The Falconer distance conjecture in all dimensions,preprints/The-Falconer-distance-conjecture-in-all-dimensions-September-23-2026/paper.pdf,True,824241,14,True,True
074,The Kakeya maximal conjecture in three dimensions,preprints/The-Kakeya-maximal-conjecture-in-three-dimensions-September-23-2026/paper.pdf,True,925416,16,True,True
074,Every four-dimensional Kakeya set has full Hausdorff dimension,preprints/Every-four-dimensional-Kakeya-set-has-full-Hausdorff-dimension-September-24-2026/paper.pdf,True,1371486,13,True,True
075,Almost-everywhere Fourier convergence in L log L,preprints/Almost-everywhere-Fourier-convergence-in-L-log-L-September-23-2026/paper.pdf,True,865803,14,True,True
076,Ultraflat real Littlewood polynomials,preprints/Ultraflat-real-Littlewood-polynomials-October-5-2026/ultraflat-real-littlewood-polynomials.pdf,True,391048,7,True,True
076,Nearly minimal maxima and positive minima of Littlewood polynomials,preprints/Nearly-minimal-maxima-and-positive-minima-of-Littlewood-polynomials-October-5-2026/littlewood-lower-envelope.pdf,True,472787,9,True,True
076,Asymptotically minimal maxima of real Littlewood polynomials,preprints/Asymptotically-minimal-maxima-of-real-Littlewood-polynomials-September-23-2026/paper.pdf,True,483466,10,True,True
077,Elliptic capacity propagation and Fourier restriction to the sphere,preprints/Elliptic-capacity-propagation-and-Fourier-restriction-to-the-sphere-September-24-2026/Elliptic-capacity-propagation-and-Fourier-restriction-to-the-sphere-September-24-2026.pdf,True,945868,14,True,True
077,Diagonal Fourier extension for positively curved surfaces in three dimensions,preprints/Diagonal-Fourier-extension-for-positively-curved-surfaces-in-three-dimensions-September-24-2026/Diagonal-Fourier-extension-for-positively-curved-surfaces-in-three-dimensions-September-24-2026.pdf,True,503679,9,True,True
078,Bochner–Riesz multipliers in three dimensions,preprints/Bochner-Riesz-Multipliers-in-Three-Dimensions-September-24-2026/Bochner-Riesz-Multipliers-in-Three-Dimensions-September-24-2026.pdf,True,1044335,17,True,True
079,Critical local smoothing for the three-dimensional wave equation,preprints/Critical-local-smoothing-for-the-three-dimensional-wave-equation-September-24-2026/paper.pdf,True,1295110,12,True,True
080,Endpoint convergence for the planar Schrodinger equation,preprints/Endpoint-convergence-for-the-planar-Schrodinger-equation-September-24-2026/paper.pdf,True,866595,14,True,True
080,Endpoint pointwise convergence for the Schrodinger equation in higher dimensions,preprints/Endpoint-pointwise-convergence-for-the-Schrodinger-equation-in-higher-dimensions-September-24-2026/paper.pdf,True,945819,16,True,True
081,Riesz transforms and uniform rectifiability in higher codimension,preprints/Riesz-transforms-and-uniform-rectifiability-in-higher-codimension-September-24-2026/paper.pdf,True,621114,11,True,True
082,Annular variation of the triangular Hilbert transform at the symmetric point,preprints/Annular-variation-of-the-triangular-Hilbert-transform-at-the-symmetric-point-October-5-2026/annular-variation.pdf,True,523253,10,True,True
082,An L³ bound for the dyadic triangular Hilbert form,preprints/An-L3-bound-for-the-dyadic-triangular-Hilbert-form-October-5-2026/dyadic-triangular-hilbert.pdf,True,361519,9,True,True
082,The maximal triangular Hilbert transform at the symmetric point,preprints/The-maximal-triangular-Hilbert-transform-at-the-symmetric-point-September-24-2026/paper.pdf,True,487898,11,True,True
083,A uniform Hilbert transform estimate for Lipschitz directions,preprints/A-uniform-Hilbert-transform-estimate-for-Lipschitz-directions-September-25-2026/main.pdf,True,911584,15,True,True
084,The geometric case of the Erdős similarity conjecture,preprints/The-geometric-case-of-the-Erdos-similarity-conjecture-October-5-2026/geometric-erdos-similarity.pdf,True,355986,8,True,True
084,The dyadic case of the Erdős similarity conjecture,preprints/The-dyadic-case-of-the-Erdos-similarity-conjecture-September-25-2026/paper.pdf,True,378160,11,True,True
085,An Endpoint Gradient Bound for the Centered Disk Maximal Operator,preprints/An-Endpoint-Gradient-Bound-for-the-Centered-Disk-Maximal-Operator-September-26-2026/article.pdf,True,627146,9,True,True
086,An L 3 bound for the trilinear Hilbert transform,preprints/An-L3-bound-for-the-trilinear-Hilbert-transform-October-5-2026/paper.pdf,True,951043,12,True,True
087,The symmetric Mahler conjecture and its equality cases,preprints/The-symmetric-Mahler-conjecture-and-its-equality-cases-September-22-2026/paper.pdf,True,605123,9,True,True
087,The Mahler Conjecture for General Convex Bodies,preprints/The-Mahler-Conjecture-for-General-Convex-Bodies-September-22-2026/paper.pdf,True,816031,13,True,True
087,Symplectic Balls in Symmetric Polar Products,preprints/Symplectic-Balls-in-Symmetric-Polar-Products-September-22-2026/paper.pdf,True,455378,8,True,True
088,Petty’s projection-volume conjecture in dimensions at least four,preprints/Pettys-projection-volume-conjecture-in-dimensions-at-least-four-September-24-2026/paper.pdf,True,298355,9,True,True
088,A product counterexample to the simplex maximum for projection-body volume,preprints/A-product-counterexample-to-the-simplex-maximum-for-projection-body-volume-September-24-2026/paper.pdf,True,264039,2,True,True
089,Planar Graph Metrics Embed into L1 with Constant Distortion,preprints/Planar-Graph-Metrics-Embed-into-L1-with-Constant-Distortion-September-23-2026/paper.pdf,True,578840,14,True,True
089,L1 Embeddings of Graphs of Bounded Treewidth,preprints/L1-Embeddings-of-Graphs-of-Bounded-Treewidth-September-23-2026/paper.pdf,True,462080,10,True,True
090,An atomic certificate for triangular-lattice universal optimality,preprints/An-atomic-certificate-for-triangular-lattice-universal-optimality-September-26-2026/paper.pdf,True,481427,1,True,True
090,Universal optimality of the triangular lattice,preprints/Universal-optimality-of-the-triangular-lattice-September-23-2026/paper.pdf,True,792444,12,True,True
090,A sharp Fourier certificate for planar circle packing,preprints/A-sharp-Fourier-certificate-for-planar-circle-packing-September-23-2026/paper.pdf,True,540259,13,True,True
090,Triangular minimality for planar Coulomb renormalized energy,preprints/Triangular-minimality-for-planar-Coulomb-renormalized-energy-September-23-2026/paper.pdf,True,608497,11,True,True
091,The logarithmic Brunn–Minkowski conjecture,preprints/The-logarithmic-Brunn-Minkowski-conjecture-September-23-2026/paper.pdf,True,417371,10,True,True
092,A single-lattice covering bound of order n log n,preprints/A-single-lattice-covering-bound-of-order-n-log-n-September-23-2026/paper.pdf,True,448381,9,True,True
092,Translative covering densities of order n log n,preprints/Translative-covering-densities-of-order-n-log-n-September-23-2026/paper.pdf,True,468659,13,True,True
093,A dimension-free logarithmic Sobolev inequality for subgaussian log-concave measures,preprints/A-dimension-free-logarithmic-Sobolev-inequality-for-subgaussian-log-concave-measures-September-23-2026/paper.pdf,True,712415,10,True,True
094,Subpolynomial dimension reduction in Lp,preprints/Subpolynomial-dimension-reduction-in-Lp-September-23-2026/paper.pdf,True,427180,2,True,True
095,Hyperbolicity Cones Without Semidefinite Lifts,preprints/Hyperbolicity-Cones-Without-Semidefinite-Lifts-October-5-2026/nonliftable-hyperbolicity.pdf,True,493066,7,True,True
095,A nonspectrahedral hyperbolicity cone,preprints/A-Nonspectrahedral-Hyperbolicity-Cone-September-24-2026/nonspectrahedral-hyperbolicity-cone.pdf,True,410499,11,True,True
095,An Exact Semidefinite Lift of a Nonspectrahedral Hyperbolicity Cone,preprints/An-Exact-Semidefinite-Lift-of-a-Nonspectrahedral-Hyperbolicity-Cone-October-5-2026/Exact-Semidefinite-Lift-of-a-Nonspectrahedral-Hyperbolicity-Cone.pdf,True,303740,6,True,True
096,The Gaussian propeller bound in every dimension,preprints/The-Gaussian-Propeller-Bound-in-Every-Dimension-September-24-2026/main.pdf,True,438454,10,True,True
097,The Euclidean Steinitz–Bergström theorem,preprints/The-Euclidean-Steinitz-Bergstrom-theorem-September-24-2026/The-Euclidean-Steinitz-Bergstrom-theorem-September-24-2026.pdf,True,494022,8,True,True
098,A doubling Hilbert subset with no finite-dimensional bi-Lipschitz embedding,preprints/A-doubling-Hilbert-subset-with-no-finite-dimensional-bi-Lipschitz-embedding-September-25-2026/main.pdf,True,362805,1,True,True
099,Edit Distance in l1: Matching Bounds up to Constants in the Exponent,preprints/Edit-Distance-in-l1-Matching-Bounds-up-to-Constants-in-the-Exponent-September-27-2026/paper.pdf,True,371964,7,True,True
099,"Finite-Circle Obstructions, Binary Codes, and Histogram Embeddings for Edit Distance",preprints/Finite-Circle-Obstructions-Binary-Codes-and-Histogram-Embeddings-for-Edit-Distance-September-27-2026/paper.pdf,True,516111,12,True,True
099,Tree Constructions for the l1 Distortion of Binary Edit Distance,preprints/Tree-Constructions-for-the-l1-Distortion-of-Binary-Edit-Distance-September-27-2026/paper.pdf,True,461435,10,True,True
100,Finite angular cylinder covers below the half-area bound,preprints/Finite-angular-cylinder-covers-below-the-half-area-bound-September-27-2026/main.pdf,True,424943,13,True,True
100,Finite cylinder approximation of ruled sets,preprints/Finite-cylinder-approximation-of-ruled-sets-September-27-2026/main.pdf,True,365274,8,True,True
100,Slope-field perturbations of the two-cylinder covering,preprints/Slope-field-perturbations-of-the-two-cylinder-covering-September-27-2026/main.pdf,True,399272,9,True,True
100,Finite triangular approximation of radial sweeps,preprints/Finite-triangular-approximation-of-radial-sweeps-September-27-2026/main.pdf,True,414122,10,True,True
101,A sharp entropy bound and the simplex inequality for isotropic constants,preprints/A-sharp-entropy-bound-and-the-simplex-inequality-for-isotropic-constants-October-5-2026/isotropic-simplex.pdf,True,567145,9,True,True
102,The Unique Games Theorem,preprints/The-Unique-Games-Theorem-September-23-2026/paper.pdf,True,801214,13,True,True
102,A Direct Proof of Optimal Max-Cut Hardness,preprints/A-Direct-Proof-of-Optimal-Max-Cut-Hardness-September-23-2026/paper.pdf,True,540064,13,True,True
102,The Factor-Two Hardness Threshold for Vertex Cover,preprints/The-Factor-Two-Hardness-Threshold-for-Vertex-Cover-September-23-2026/paper.pdf,True,431720,11,True,True
102,Constant-factor hardness of Min-UnCut,preprints/Constant-factor-hardness-of-Min-UnCut-September-23-2026/paper.pdf,True,587788,10,True,True
102,Constant-factor hardness of directed feedback vertex set,preprints/Constant-factor-hardness-of-directed-feedback-vertex-set-September-23-2026/paper.pdf,True,505703,10,True,True
103,Exact derandomization of logarithmic space: L = RL = BPL,preprints/Exact-Derandomization-of-Logarithmic-Space-L-equals-RL-equals-BPL-September-23-2026/paper.pdf,True,1000094,17,True,True
104,Turn-Based Stochastic Mean-Payoff Games in Deterministic Quasipolynomial Time,preprints/Turn-Based-Stochastic-Mean-Payoff-Games-in-Deterministic-Quasipolynomial-Time-October-5-2026/stochastic-mean-payoff-games.pdf,True,455004,6,True,True
104,Mean-payoff parity games in quasipolynomial time,preprints/Mean-payoff-parity-games-in-quasipolynomial-time-October-5-2026/mean-payoff-parity.pdf,True,426047,9,True,True
104,Deterministic quasipolynomial-time mean-payoff games,preprints/Deterministic-quasipolynomial-time-mean-payoff-games-September-25-2026/paper.pdf,True,512482,12,True,True
104,Randomized quasipolynomial-time mean-payoff games,preprints/Randomized-quasipolynomial-time-mean-payoff-games-September-25-2026/paper.pdf,True,583649,13,True,True
105,Perfect completeness for 2-to-1 games,preprints/Perfect-completeness-for-2-to-1-games-September-23-2026/paper.pdf,True,746539,10,True,True
106,Hardness of finding large independent sets in three-colorable graphs,preprints/Hardness-of-finding-large-independent-sets-in-three-colorable-graphs-September-24-2026/Hardness-of-finding-large-independent-sets-in-three-colorable-graphs-September-24-2026.pdf,True,527527,9,True,True
107,An Upper Bound of 9/4 for the Matrix Multiplication Exponent,preprints/Matrix-Multiplication-Nine-Fourths-October-2-2026/paper.pdf,True,370884,1,True,True
107,Complex Matrix Multiplication Below 2.258 and Rectangular Bounds,preprints/Complex-Matrix-Multiplication-Below-2.258-and-Rectangular-Bounds-September-24-2026/Complex-Matrix-Multiplication-Below-2.258-and-Rectangular-Bounds-September-24-2026.pdf,True,571072,17,True,True
107,Staggered extraction for exact matrix multiplication over every field,preprints/Staggered-extraction-for-exact-matrix-multiplication-over-every-field-September-24-2026/Staggered-extraction-for-exact-matrix-multiplication-over-every-field-September-24-2026.pdf,True,578035,10,True,True
108,A cubic lower bound for border determinantal complexity of the permanent,preprints/A-cubic-lower-bound-for-border-determinantal-complexity-of-the-permanent-September-24-2026/A-cubic-lower-bound-for-border-determinantal-complexity-of-the-permanent-September-24-2026.pdf,True,555598,12,True,True
109,Integer multiplication below n log n,preprints/Integer-multiplication-below-n-log-n-September-23-2026/paper.pdf,True,819930,15,True,True
110,Squared-logarithmic randomized k-server on arbitrary metrics,preprints/Squared-logarithmic-randomized-k-server-on-arbitrary-metrics-September-24-2026/Squared-logarithmic-randomized-k-server-on-arbitrary-metrics-September-24-2026.pdf,True,541774,13,True,True
110,Uniform computation of the squared-logarithmic k-server bound,preprints/Uniform-computation-of-the-squared-logarithmic-k-server-bound-September-24-2026/Uniform-computation-of-the-squared-logarithmic-k-server-bound-September-24-2026.pdf,True,406380,8,True,True
111,One Sample Suffices for Matroid Prophet Inequalities against an Almighty Adversary,preprints/One-Sample-Suffices-for-Matroid-Prophet-Inequalities-against-an-Almighty-Adversary-September-23-2026/final.pdf,True,463589,8,True,True
112,Beyond the Square-Root Exponent for Depth-Three Boolean Circuits,preprints/Beyond-the-Square-Root-Exponent-for-Depth-Three-Boolean-Circuits-September-23-2026/main.pdf,True,243149,10,True,True
113,A Fully Polynomial Randomized Approximation Scheme for Perfect Matchings in General Graphs,preprints/A-Fully-Polynomial-Randomized-Approximation-Scheme-for-Perfect-Matchings-in-General-Graphs-September-23-2026/main.pdf,True,617073,1,True,True
113,Entropy and Face Dimension of the Perfect-Matching Polytope,preprints/Entropy-and-Face-Dimension-of-the-Perfect-Matching-Polytope-September-23-2026/main.pdf,True,647033,15,True,True
114,An FPRAS for Common Integer Polymatroid Bases with Binary Capacities,preprints/An-FPRAS-for-Common-Integer-Polymatroid-Bases-with-Binary-Capacities-October-5-2026/polymatroid-fpras.pdf,True,611606,8,True,True
114,Approximate counting of common bases of two matroids,preprints/Approximate-counting-of-common-bases-of-two-matroids-September-23-2026/main.pdf,True,472513,2,True,True
115,Exact Uniform Sampling of Contingency Tables with Arbitrary Margins,preprints/Exact-Uniform-Sampling-of-Contingency-Tables-with-Arbitrary-Margins-September-24-2026/main.pdf,True,525125,9,True,True
115,An FPRAS for Cell-Bounded Contingency Tables,preprints/An-FPRAS-for-Cell-Bounded-Contingency-Tables-September-24-2026/main.pdf,True,664585,11,True,True
116,Uniform Matrix Hitting Points in Every Positive Characteristic,preprints/Uniform-Matrix-Hitting-Points-in-Every-Positive-Characteristic-October-4-2026/uniform-matrix-hitting-points-positive-characteristic.pdf,True,372550,6,True,True
116,One Rational Matrix Hitting Point for Noncommutative Formulas,preprints/One-Rational-Matrix-Hitting-Point-for-Noncommutative-Formulas-September-24-2026/One-Rational-Matrix-Hitting-Point-for-Noncommutative-Formulas-September-24-2026.pdf,True,427773,7,True,True
116,Polynomial Hitting Lists for Noncommutative Rational Formulas,preprints/Polynomial-Hitting-Lists-for-Noncommutative-Rational-Formulas-September-24-2026/Polynomial-Hitting-Lists-for-Noncommutative-Rational-Formulas-September-24-2026.pdf,True,510206,8,True,True
117,Constant-factor hardness of uniform sparsest cut,preprints/Constant-factor-hardness-of-uniform-sparsest-cut-September-24-2026/Constant-factor-hardness-of-uniform-sparsest-cut-September-24-2026.pdf,True,763227,9,True,True
117,Near-square-root logarithmic integrality gaps for uniform sparsest cut,preprints/Near-square-root-logarithmic-integrality-gaps-for-uniform-sparsest-cut-September-24-2026/Near-square-root-logarithmic-integrality-gaps-for-uniform-sparsest-cut-September-24-2026.pdf,True,504701,9,True,True
118,Additive hardness and unbounded configuration gaps in bin packing,preprints/Additive-hardness-and-unbounded-configuration-gaps-in-bin-packing-September-24-2026/Additive-hardness-and-unbounded-configuration-gaps-in-bin-packing-September-24-2026.pdf,True,479464,10,True,True
119,Sharp binary-information contraction on the discrete cube,preprints/Sharp-binary-information-contraction-on-the-discrete-cube-September-24-2026/main.pdf,True,420721,9,True,True
119,Hellinger contraction with arbitrary Boolean output bias,preprints/Hellinger-contraction-with-arbitrary-Boolean-output-bias-September-24-2026/main.pdf,True,606156,13,True,True
120,Almost-Linear-Time Maximum-Cardinality Matching in General Graphs,preprints/Almost-Linear-Time-Maximum-Cardinality-Matching-in-Sparse-General-Graphs-September-24-2026/main.pdf,True,797752,15,True,True
121,An Almost-Linear Approximation Scheme for Edit Distance,preprints/An-Almost-Linear-Approximation-Scheme-for-Edit-Distance-September-24-2026/paper.pdf,True,587770,13,True,True
122,Uniform quasipolynomial-time trace reconstruction,preprints/Uniform-quasipolynomial-time-trace-reconstruction-October-5-2026/uniform-trace-reconstruction.pdf,True,480378,8,True,True
122,A latest-anchor induction with spectrally compact masks for worst-case trace reconstruction,preprints/A-latest-anchor-induction-with-spectrally-compact-masks-for-worst-case-trace-reconstruction-October-5-2026/paper.pdf,True,373650,3,True,True
122,Quantitative lower bounds for trace reconstruction,preprints/quantitative-lower-bounds-for-trace-reconstruction-September-24-2026/paper.pdf,True,383366,12,True,True
124,A Polynomial-Time Algorithm for Three-Machine Unit-Job Scheduling,preprints/A-polynomial-time-algorithm-for-three-machine-unit-job-scheduling-September-24-2026/paper.pdf,True,246589,66,True,True
125,Single-exponential recovery and bounded-price strictness for metric k-median,preprints/Single-Exponential-Recovery-and-Bounded-Price-Strictness-for-Metric-k-Median-September-24-2026/paper.pdf,True,495805,13,True,True
125,The approximation threshold for metric k-median,preprints/The-Approximation-Threshold-for-Metric-k-Median-September-24-2026/main.pdf,True,562378,9,True,True
126,Exponential PSD rank of positively shifted matching matrices,preprints/Exponential-PSD-rank-of-positively-shifted-matching-matrices-October-5-2026/shifted-matching-psd.pdf,True,491320,9,True,True
127,Average sensitivity of polynomial threshold functions,preprints/Average-Sensitivity-of-Polynomial-Threshold-Functions-September-25-2026/main.pdf,True,354487,9,True,True
128,A Polynomial-Time 2-Approximation for Shortest Common Superstring,preprints/A-Polynomial-Time-2-Approximation-for-Shortest-Common-Superstring-September-24-2026/paper.pdf,True,369674,12,True,True
129,An exponential state lower bound for two-way nondeterministic complementation,preprints/An-exponential-state-lower-bound-for-two-way-nondeterministic-complementation-September-25-2026/paper.pdf,True,393646,8,True,True
129,An exponential two-way deterministic state lower bound for one-way liveness,preprints/An-exponential-two-way-deterministic-state-lower-bound-for-one-way-liveness-September-25-2026/main.pdf,True,408281,11,True,True
130,An explicit power saving for the exact discrete Fourier transform,preprints/An-explicit-power-saving-for-the-exact-discrete-Fourier-transform-September-25-2026/main.pdf,True,449086,8,True,True
130,Finite tensor savings and exact Fourier circuits,preprints/Finite-tensor-savings-and-exact-Fourier-circuits-September-25-2026/main.pdf,True,632960,9,True,True
131,Polynomial mixing of the switch chain for every graphical degree sequence,preprints/Polynomial-Mixing-of-the-Switch-Chain-for-Every-Graphical-Degree-Sequence-September-25-2026/main.pdf,True,419242,10,True,True
132,A superquadratic separation between sensitivity and block sensitivity,preprints/A-superquadratic-separation-between-sensitivity-and-block-sensitivity-September-25-2026/paper.pdf,True,370807,5,True,True
133,Parity lifts and bounded-treewidth witnesses for Weisfeiler–Leman equivalence,preprints/Parity-lifts-and-bounded-treewidth-witnesses-for-Weisfeiler-Leman-equivalence-September-25-2026/paper.pdf,True,423196,7,True,True
133,The complexity of identifying a graph by Weisfeiler–Leman refinement,preprints/The-complexity-of-identifying-a-graph-by-Weisfeiler-Leman-refinement-September-25-2026/paper.pdf,True,444333,9,True,True
133,Unconditional time lower bounds for Weisfeiler–Leman equivalence,preprints/Unconditional-time-lower-bounds-for-Weisfeiler-Leman-equivalence-September-25-2026/paper.pdf,True,501960,7,True,True
133,Variable-dimension Weisfeiler–Leman equivalence on general and subcubic graphs,preprints/Variable-dimension-Weisfeiler-Leman-equivalence-on-general-and-subcubic-graphs-September-25-2026/paper.pdf,True,657112,15,True,True
134,Finite Monoid Computations and a Uniform Generalized Star-Height Bound,preprints/Finite-Monoid-Computations-and-a-Uniform-Generalized-Star-Height-Bound-September-25-2026/Finite-Monoid-Computations-and-a-Uniform-Generalized-Star-Height-Bound-September-25-2026.pdf,True,528562,10,True,True
134,Generalized Star Height at Most Four,preprints/Generalized-Star-Height-at-Most-Four-September-25-2026/Generalized-Star-Height-at-Most-Four-September-25-2026.pdf,True,561116,11,True,True
134,Generalized Star Height at Most Three,preprints/Generalized-Star-Height-at-Most-Three-September-25-2026/article.pdf,True,595638,14,True,True
135,Homogeneous depth-five lower bounds for iterated matrix multiplication,preprints/Homogeneous-depth-five-lower-bounds-for-iterated-matrix-multiplication-September-25-2026/Homogeneous-depth-five-lower-bounds-for-iterated-matrix-multiplication-September-25-2026.pdf,True,478042,9,True,True
136,The PCP-for-PPAD conjecture: a quasilinear reduction,preprints/The-PCP-for-PPAD-conjecture-a-quasilinear-reduction-September-25-2026/paper.pdf,True,1117288,13,True,True
137,Simulating One-Tape Time in Two-Fifths-Power Space,preprints/Simulating-One-Tape-Time-in-Two-Fifths-Power-Space-September-25-2026/article.pdf,True,420177,7,True,True
138,Subset Sum in Time $O(2^{0.49n})$,preprints/Subset-Sum-in-Time-2-power-0-49n-October-4-2026/subset-sum.pdf,True,530957,8,True,True
138,A Low-Space Algorithm for Worst-Case Subset Sum,preprints/A-Low-Space-Algorithm-for-Worst-Case-Subset-Sum-September-26-2026/paper.pdf,True,503282,11,True,True
139,Subpolynomial query complexity for well-conditioned log-concave sampling,preprints/Subpolynomial-query-complexity-for-well-conditioned-log-concave-sampling-September-26-2026/article.pdf,True,716083,12,True,True
140,Memory and precision in noiseless Gaussian regression,preprints/Memory-and-precision-in-noiseless-Gaussian-regression-September-27-2026/paper.pdf,True,585321,15,True,True
140,Posterior replicas and conditional information in Gaussian regression,preprints/Posterior-replicas-and-conditional-information-in-Gaussian-regression-September-27-2026/paper.pdf,True,749646,11,True,True
140,Localization costs and information growth for exact Gaussian observations,preprints/Localization-costs-and-information-growth-for-exact-Gaussian-observations-September-27-2026/paper.pdf,True,910303,16,True,True
140,"Projection moments, positive cap domination, and Riesz estimates on the sphere",preprints/Projection-moments-positive-cap-domination-and-Riesz-estimates-on-the-sphere-September-27-2026/paper.pdf,True,508325,7,True,True
140,Replacing Gaussian observations in memory-constrained inference,preprints/Replacing-Gaussian-observations-in-memory-constrained-inference-September-27-2026/paper.pdf,True,630529,14,True,True
140,Subsphere methods for memory-sample lower bounds in noiseless Gaussian regression,preprints/Subsphere-methods-for-memory-sample-lower-bounds-in-noiseless-Gaussian-regression-September-27-2026/paper.pdf,True,483432,11,True,True
141,Existential–universal real sentences in the counting hierarchy,preprints/Existential-universal-real-sentences-in-the-counting-hierarchy-October-4-2026/etr-counting-hierarchy.pdf,True,543638,9,True,True
142,Deterministic Polynomial Factorization over Prime Fields,preprints/Deterministic-Polynomial-Factorization-over-Prime-Fields-October-4-2026/Deterministic-Polynomial-Factorization-over-Prime-Fields.pdf,True,662250,13,True,True
143,Uniform bounds for planar polynomial limit cycles,preprints/uniform-bounds-for-planar-polynomial-limit-cycles-September-24-2026/uniform-bounds-for-planar-polynomial-limit-cycles-September-24-2026.pdf,True,1291731,17,True,True
143,Two limit cycles for quintic Liénard systems,preprints/two-limit-cycles-for-quintic-lienard-systems-September-24-2026/two-limit-cycles-for-quintic-lienard-systems-September-24-2026.pdf,True,409470,10,True,True
144,A smooth three-torus diffeomorphism with simple Lebesgue spectrum,preprints/A-smooth-three-torus-diffeomorphism-with-simple-Lebesgue-spectrum-September-23-2026/paper.pdf,True,462696,7,True,True
145,Rokhlin's multiple-mixing problem for one transformation,preprints/Rokhlins-multiple-mixing-problem-for-one-transformation-September-23-2026/paper.pdf,True,524156,11,True,True
146,Positive Metric Entropy for the Standard Map at Large Parameters,preprints/Positive-Metric-Entropy-for-the-Standard-Map-at-Large-Parameters-September-23-2026/paper.pdf,True,525477,10,True,True
147,Continuous Phase Foliations Create Analytic Caustic Collars,preprints/Continuous-Phase-Foliations-Create-Analytic-Caustic-Collars-September-24-2026/paper.pdf,True,489943,7,True,True
147,Rigidity of Smooth Billiards with a Continuous Caustic Collar,preprints/Rigidity-of-Smooth-Billiards-with-a-Continuous-Caustic-Collar-September-24-2026/paper.pdf,True,1126467,17,True,True
148,The entropy-rate dimension formula for self-similar measures on the line,preprints/The-entropy-rate-dimension-formula-for-self-similar-measures-on-the-line-September-24-2026/main.pdf,True,416553,7,True,True
149,Uniform Permanence in Weakly Reversible Mass-Action Systems,preprints/Uniform-Permanence-in-Weakly-Reversible-Mass-Action-Systems-October-5-2026/permanence.pdf,True,376041,6,True,True
149,Boundedness and persistence of weakly reversible mass-action systems,preprints/Boundedness-and-persistence-of-weakly-reversible-mass-action-systems-September-25-2026/paper.pdf,True,433633,6,True,True
150,Weak mixing of triangular billiards with an irrational angle,preprints/Weak-mixing-of-triangular-billiards-with-an-irrational-angle-October-5-2026/weak-mixing-triangular-billiards.pdf,True,353626,6,True,True
150,Ergodicity of triangular billiards with an irrational angle,preprints/Ergodicity-of-triangular-billiards-with-an-irrational-angle-September-25-2026/Ergodicity-of-triangular-billiards-with-an-irrational-angle-September-25-2026.pdf,True,354433,1,True,True
151,A C^1 Counterexample to the Entropy Conjecture,preprints/A-C1-Counterexample-to-the-Entropy-Conjecture-September-25-2026/article.pdf,True,387035,6,True,True
152,A zero-entropy system without a smooth positive-volume model,preprints/A-finite-entropy-system-without-a-smooth-positive-volume-model-September-25-2026/paper.pdf,True,565678,9,True,True
153,Arithmetic classification and non-Pisot singularity for Bernoulli convolutions,preprints/Arithmetic-classification-and-non-Pisot-singularity-for-Bernoulli-convolutions-October-3-2026/paper.pdf,True,566872,5,True,True
154,Pointwise Multiple Ergodic Averages for Mixing Transformations,preprints/Pointwise-Multiple-Ergodic-Averages-for-Mixing-Transformations-October-4-2026/multiple-ergodic-averages.pdf,True,435847,9,True,True
154,Pointwise convergence of fourfold ergodic averages for mixing transformations,preprints/Pointwise-convergence-of-fourfold-ergodic-averages-for-mixing-transformations-October-4-2026/fourfold-ergodic-averages.pdf,True,541428,9,True,True
154,Triple ergodic averages with distinct integer slopes,preprints/Triple-ergodic-averages-with-distinct-integer-slopes-October-4-2026/triple-ergodic-distinct-slopes.pdf,True,648575,8,True,True
154,Pointwise convergence of triple ergodic averages for mixing transformations,preprints/Pointwise-convergence-of-triple-ergodic-averages-for-mixing-transformations-October-4-2026/pointwise-triple-ergodic-averages-mixing-transformations.pdf,True,790281,11,True,True
155,A translational tile with no fully periodic tiling in dimension three,preprints/A-translational-tile-with-no-fully-periodic-tiling-in-dimension-three-September-23-2026/paper.pdf,True,465691,10,True,True
156,A nine-dimensional counterexample to Borsuk's covering assertion,preprints/A-nine-dimensional-counterexample-to-Borsuks-covering-assertion-September-23-2026/paper.pdf,True,413156,12,True,True
157,A counterexample to Hadwiger's conjecture,preprints/A-counterexample-to-Hadwigers-conjecture-September-23-2026/paper.pdf,True,956260,18,True,True
157,A counterexample to the Colin de Verdière chromatic conjecture,preprints/A-counterexample-to-the-Colin-de-Verdiere-chromatic-conjecture-September-23-2026/paper.pdf,True,1094760,20,True,True
157,A linear list-coloring bound in terms of the Hadwiger number,preprints/A-linear-list-coloring-bound-in-terms-of-the-Hadwiger-number-September-23-2026/paper.pdf,True,587502,12,True,True
158,The Euclidean plane is not five-colorable,preprints/The-Euclidean-plane-is-not-five-colorable-September-23-2026/paper.pdf,True,450880,13,True,True
159,Quasipolynomial Bounds for Arithmetic Progressions,preprints/Quasipolynomial-Bounds-for-Arithmetic-Progressions-September-23-2026/paper.pdf,True,1510724,28,True,True
160,Quantitative Superexponential Bounds for van der Waerden Numbers,preprints/Quantitative-Superexponential-Bounds-for-van-der-Waerden-Numbers-September-23-2026/paper.pdf,True,466138,11,True,True
161,A counterexample to Sidorenko's conjecture,preprints/A-counterexample-to-Sidorenkos-conjecture-September-23-2026/paper.pdf,True,639874,12,True,True
162,Balanced counterexamples to Ryser's conjecture at prime orders,preprints/Balanced-Counterexamples-to-Rysers-Conjecture-at-Prime-Orders-September-27-2026/paper.pdf,True,540864,8,True,True
162,A counterexample to Ryser's covering conjecture,preprints/A-Counterexample-to-Rysers-Covering-Conjecture-September-23-2026/paper.pdf,True,544159,6,True,True
164,Monochromatic finite sums and products in the positive integers,preprints/Monochromatic-finite-sums-and-products-in-the-positive-integers-September-23-2026/paper.pdf,True,775466,10,True,True
165,The crossing number of complete graphs,preprints/The-crossing-number-of-complete-graphs-September-23-2026/paper.pdf,True,361680,4,True,True
165,The crossing number of complete bipartite graphs,preprints/The-crossing-number-of-complete-bipartite-graphs-September-23-2026/paper.pdf,True,406173,9,True,True
166,The higher-dimensional Erdős distinct-distances conjecture,preprints/The-higher-dimensional-Erdos-distinct-distances-conjecture-September-23-2026/paper.pdf,True,946536,16,True,True
167,The weak pinned planar distance theorem,preprints/The-weak-pinned-planar-distance-theorem-September-23-2026/paper.pdf,True,495923,9,True,True
167,A power saving for planar unit distances,preprints/A-power-saving-for-planar-unit-distances-September-23-2026/paper.pdf,True,619610,11,True,True
168,Combinatorial invariance of Kazhdan–Lusztig polynomials,preprints/Combinatorial-Invariance-of-Kazhdan-Lusztig-Polynomials-September-24-2026/paper.pdf,True,533778,9,True,True
169,Elementary positivity of chromatic quasisymmetric functions,preprints/Elementary-Positivity-of-Chromatic-Quasisymmetric-Functions-September-24-2026/paper.pdf,True,679124,8,True,True
170,"The sharp logarithmic exponent of r(5,t)",preprints/The-Sharp-Logarithmic-Exponent-of-r-5-t-September-24-2026/paper.pdf,True,579843,12,True,True
170,Sharp logarithmic exponents for fixed off-diagonal Ramsey numbers,preprints/Sharp-Logarithmic-Exponents-for-Fixed-Off-Diagonal-Ramsey-Numbers-September-24-2026/paper.pdf,True,644182,10,True,True
171,The hypercube Ramsey number has linear order,preprints/The-hypercube-Ramsey-number-has-linear-order-September-23-2026/paper.pdf,True,1424109,25,True,True
172,A classification of finite Euclidean Ramsey configurations,preprints/A-classification-of-finite-Euclidean-Ramsey-configurations-September-23-2026/paper.pdf,True,497562,9,True,True
173,A proof of Seymour’s second-neighborhood conjecture,preprints/A-proof-of-Seymours-second-neighborhood-conjecture-September-23-2026/paper.pdf,True,387437,8,True,True
174,The strong thin tree conjecture,preprints/The-strong-thin-tree-conjecture-September-23-2026/paper.pdf,True,670899,20,True,True
174,A polynomial-time construction of strong thin trees,preprints/A-polynomial-time-construction-of-strong-thin-trees-September-23-2026/paper.pdf,True,615951,12,True,True
175,Graph Decompositions at the Integral Expectation Threshold,preprints/Graph-Decompositions-at-the-Integral-Expectation-Threshold-October-5-2026/graph-threshold-decompositions.pdf,True,342941,1,True,True
175,Integral and fractional expectation thresholds are equivalent,preprints/Integral-and-fractional-expectation-thresholds-are-equivalent-September-23-2026/paper.pdf,True,319740,7,True,True
175,Talagrand’s discrete-convexity conjecture,preprints/Talagrands-discrete-convexity-conjecture-September-23-2026/paper.pdf,True,314065,7,True,True
176,The second Kahn–Kalai conjecture,preprints/The-second-Kahn-Kalai-conjecture-September-24-2026/paper.pdf,True,382191,7,True,True
177,Bounded-degree coboundary expanders in every dimension,preprints/Bounded-degree-coboundary-expanders-in-every-dimension-September-24-2026/paper.pdf,True,368932,8,True,True
178,Deterministic nonbipartite Ramanujan graphs in every fixed degree,preprints/Deterministic-nonbipartite-Ramanujan-graphs-in-every-fixed-degree-September-23-2026/paper.pdf,True,885562,13,True,True
179,The circulant Hadamard conjecture,preprints/The-circulant-Hadamard-conjecture-September-23-2026/paper.pdf,True,371693,7,True,True
180,Paired states and Hamiltonian cycles in cubic bipartite planar graphs,preprints/Paired-states-and-Hamiltonian-cycles-in-cubic-bipartite-planar-graphs-September-24-2026/paper.pdf,True,333997,2,True,True
181,A linear cycle-and-edge decomposition of every graph,preprints/A-linear-cycle-and-edge-decomposition-of-every-graph-September-24-2026/main.pdf,True,387380,8,True,True
182,A power saving for intersective polynomial differences with an exponent depending only on the degree,preprints/A-power-saving-for-intersective-polynomial-differences-with-an-exponent-depending-only-on-the-degree-October-5-2026/power-saving-intersective-polynomial-differences.pdf,True,644894,9,True,True
182,A Power Saving for Polynomial Differences at Prime Arguments,preprints/A-Power-Saving-for-Polynomial-Differences-at-Prime-Arguments-October-5-2026/prime-argument-polynomial-differences.pdf,True,674642,9,True,True
182,A power saving for square-difference-free sets,preprints/A-power-saving-for-square-difference-free-sets-September-24-2026/paper.pdf,True,627528,13,True,True
183,A power saving for planar halving lines,preprints/A-power-saving-for-planar-halving-lines-September-25-2026/main.pdf,True,525241,9,True,True
184,Correspondence coloring graphs with a forbidden clique,preprints/Correspondence-Coloring-Graphs-with-a-Forbidden-Clique-October-5-2026/correspondence-coloring-forbidden-clique.pdf,True,484084,10,True,True
184,A logarithmic independence bound for clique-free graphs,preprints/A-Logarithmic-Independence-Bound-for-Clique-Free-Graphs-September-25-2026/paper.pdf,True,427255,9,True,True
185,A Counterexample to the Infinite Matroid Packing/Covering Conjecture,preprints/A-Counterexample-to-the-Infinite-Matroid-Packing-Covering-Conjecture-September-24-2026/paper.pdf,True,404856,9,True,True
186,A uniform influence bound for hypergraph properties,preprints/A-uniform-influence-bound-for-hypergraph-properties-October-5-2026/hypergraph-influences.pdf,True,303065,6,True,True
186,A Sharp Threshold Bound for Monotone Graph Properties,preprints/A-Sharp-Threshold-Bound-for-Monotone-Graph-Properties-September-25-2026/paper.pdf,True,394307,7,True,True
187,Snaky in 21 Maker moves,preprints/Snaky-in-21-Maker-moves-September-25-2026/article.pdf,True,668742,11,True,True
188,The sharp terminal leave in random triangle removal,preprints/The-Sharp-Terminal-Leave-in-Random-Triangle-Removal-September-25-2026/The-Sharp-Terminal-Leave-in-Random-Triangle-Removal-September-25-2026.pdf,True,439629,9,True,True
189,Cycle--clique Ramsey numbers,preprints/Cycle-clique-Ramsey-numbers-September-25-2026/Cycle-clique-Ramsey-numbers-September-25-2026.pdf,True,611068,17,True,True
190,Polynomial removal fails for ordered binary matrices,preprints/Polynomial-removal-fails-for-ordered-binary-matrices-September-25-2026/paper.pdf,True,347306,8,True,True
191,A power improvement in the Heilbronn triangle lower bound,preprints/A-power-improvement-in-the-Heilbronn-triangle-lower-bound-September-25-2026/main.pdf,True,443755,10,True,True
192,Unbounded Violations of the Square-Root Degree Bound,preprints/Unbounded-Violations-of-the-Square-Root-Degree-Bound-September-26-2026/Unbounded-Violations-of-the-Square-Root-Degree-Bound-September-26-2026.pdf,True,373964,9,True,True
193,Positivity of Serre's Intersection Multiplicity,preprints/Positivity-of-Serres-Intersection-Multiplicity-September-23-2026/paper.pdf,True,531450,7,True,True
194,Lech's multiplicity conjecture,preprints/Lechs-multiplicity-conjecture-September-23-2026/paper.pdf,True,518976,8,True,True
195,A Complete Local Domain without a Small Cohen–Macaulay Module,preprints/A-Complete-Local-Domain-Without-a-Small-Cohen-Macaulay-Module-September-23-2026/paper.pdf,True,385543,2,True,True
196,A Torsion-Free Group Algebra with Zero Divisors,preprints/A-Torsion-Free-Group-Algebra-with-Zero-Divisors-September-23-2026/paper.pdf,True,463825,8,True,True
197,A Torsion-Free Group Algebra That Is Not Directly Finite,preprints/A-Torsion-Free-Group-Algebra-That-Is-Not-Directly-Finite-October-4-2026/direct-finiteness.pdf,True,517870,12,True,True
197,A Counterexample to Kaplansky's Direct-Finiteness Conjecture in Characteristic Two,preprints/A-Counterexample-to-Kaplanskys-Direct-Finiteness-Conjecture-in-Characteristic-Two-September-23-2026/paper.pdf,True,471111,10,True,True
197,A Counterexample to the Group-Ring Determinant Conjecture,preprints/A-Counterexample-to-the-Group-Ring-Determinant-Conjecture-September-23-2026/paper.pdf,True,311036,1,True,True
197,A Counterexample to Kaplansky's Direct-Finiteness Conjecture in Odd Characteristic,preprints/A-Counterexample-to-Kaplanskys-Direct-Finiteness-Conjecture-in-Odd-Characteristic-September-26-2026/paper.pdf,True,476631,8,True,True
198,An algebra of infinite little finitistic dimension,preprints/An-algebra-of-infinite-little-finitistic-dimension-September-23-2026/paper.pdf,True,459427,8,True,True
199,An explicit counterexample to the Auslander-Reiten conjecture,preprints/An-explicit-counterexample-to-the-Auslander-Reiten-conjecture-September-23-2026/paper.pdf,True,570116,11,True,True
199,A counterexample to Tachikawa's second conjecture,preprints/A-counterexample-to-Tachikawas-second-conjecture-September-23-2026/paper.pdf,True,619479,9,True,True
200,The Artinian Lex-Plus-Powers Betti Theorem,preprints/The-Artinian-Lex-Plus-Powers-Betti-Theorem-September-23-2026/paper.pdf,True,447798,12,True,True
200,Commuting Division-Coefficient Forms and the Artinian Eisenbud--Green--Harris Conjecture,preprints/Commuting-Division-Coefficient-Forms-and-the-Artinian-Eisenbud-Green-Harris-Conjecture-September-23-2026/paper.pdf,True,577219,11,True,True
201,A Counterexample to Kurosh’s Division-Ring Problem,preprints/A-Counterexample-to-Kuroshs-Division-Ring-Problem-September-23-2026/paper.pdf,True,541378,17,True,True
202,The Blockwise Alperin Weight Conjecture,preprints/The-Blockwise-Alperin-Weight-Conjecture-September-23-2026/paper.pdf,True,791829,11,True,True
203,Donovan's Conjecture over Algebraically Closed Fields,preprints/Donovans-Conjecture-over-Algebraic-Closures-of-Prime-Fields-September-24-2026/main.pdf,True,630316,13,True,True
203,Integral Donovan Finiteness over Witt Vectors,preprints/Integral-Donovan-Finiteness-over-Witt-Vectors-September-25-2026/main.pdf,True,434275,9,True,True
204,Tensor saturation for even spin groups,preprints/Tensor-Saturation-for-Even-Spin-Groups-September-24-2026/Tensor-Saturation-for-Even-Spin-Groups-September-24-2026.pdf,True,547596,9,True,True
205,Universal Tensor Squares for Symmetric Groups,preprints/Universal-Tensor-Squares-for-Symmetric-Groups-September-24-2026/main.pdf,True,685461,10,True,True
205,A Cyclic Polytabloid Proof of Saxl's Conjecture,preprints/A-Cyclic-Polytabloid-Proof-of-Saxls-Conjecture-September-24-2026/paper.pdf,True,360873,8,True,True
206,Finite congruence lattices: characterization and undecidability,preprints/Finite-Congruence-Lattices-Characterization-and-Undecidability-September-24-2026/paper.pdf,True,1362521,23,True,True
206,A negative solution to the finite lattice representation problem,preprints/A-Negative-Solution-to-the-Finite-Lattice-Representation-Problem-September-24-2026/paper.pdf,True,850383,14,True,True
207,The ℓ¹-Bass Conjecture for Discrete Groups,preprints/The-l1-Bass-Conjecture-for-Discrete-Groups-October-5-2026/l1-bass-conjecture.pdf,True,502912,9,True,True
207,The Bass trace conjecture and the characteristic-zero Kaplansky idempotent conjecture,preprints/The-Bass-trace-conjecture-for-complex-group-rings-September-24-2026/The-Bass-trace-conjecture-for-complex-group-rings-September-24-2026.pdf,True,457936,11,True,True
208,Fiber functors for finite symmetric tensor categories in positive characteristic,preprints/Fiber-functors-for-finite-symmetric-tensor-categories-in-positive-characteristic-September-24-2026/paper.pdf,True,468166,11,True,True
209,An integral counterexample to Gersten's conjecture,preprints/An-Integral-Counterexample-to-Gerstens-Conjecture-September-25-2026/An-Integral-Counterexample-to-Gerstens-Conjecture-September-25-2026.pdf,True,469239,8,True,True
209,An integral degree-three Gersten counterexample,preprints/An-Integral-Degree-Three-Gersten-Counterexample-September-26-2026/paper.pdf,True,341624,6,True,True
210,Foulkes' conjecture for the sixth symmetric power,preprints/Foulkes-Conjecture-for-the-Sixth-Symmetric-Power-September-25-2026/main.pdf,True,451463,8,True,True
210,Quadratic stabilization of the canonical Foulkes--Howe map,preprints/Quadratic-Stabilization-of-the-Canonical-Foulkes-Howe-Map-September-25-2026/paper.pdf,True,238511,2,True,True
211,Random Walks on Critical FK–Ising Maps and Liouville Brownian Motion,preprints/Random-Walks-on-Critical-FK-Ising-Maps-and-Liouville-Brownian-Motion-October-5-2026/fk-ising-walk-limit.pdf,True,365679,6,True,True
211,Spectral convergence for critical FK–Ising planar maps,preprints/Spectral-convergence-for-critical-FK-Ising-planar-maps-October-5-2026/spectral-convergence-critical-fk-ising-planar-maps.pdf,True,853667,12,True,True
211,A Linear Clock for Random Walk on Tree-Weighted Planar Maps,preprints/A-Linear-Clock-for-Random-Walk-on-Tree-Weighted-Planar-Maps-October-5-2026/linear-clock-random-walk-tree-weighted-planar-maps.pdf,True,628184,10,True,True
211,Canonical conformal limits of subcritical FK planar maps,preprints/Canonical-conformal-limits-of-subcritical-FK-planar-maps-September-24-2026/main.pdf,True,1070026,19,True,True
211,The critical Liouville quantum sphere and geometric limits of FK maps at q=4,preprints/The-critical-Liouville-quantum-sphere-and-geometric-limits-of-FK-maps-at-q-equals-4-September-24-2026/main.pdf,True,1534051,18,True,True
211,Metric-measure limits of subcritical FK and spanning-tree planar maps,preprints/Metric-measure-limits-of-subcritical-FK-and-spanning-tree-planar-maps-September-24-2026/main.pdf,True,1652718,36,True,True
211,Brownian continuum random tree limits of finite Fortuin–Kasteleyn maps above four,preprints/Brownian-continuum-random-tree-limits-of-finite-Fortuin-Kasteleyn-maps-above-four-September-24-2026/main.pdf,True,481462,9,True,True
212,No bigeodesics in planar first-passage percolation,preprints/No-bigeodesics-in-planar-first-passage-percolation-September-24-2026/main.pdf,True,608208,13,True,True
212,Strict convexity and differentiability of the planar exponential first-passage limit shape,preprints/Strict-convexity-and-differentiability-of-the-planar-exponential-first-passage-limit-shape-September-24-2026/main.pdf,True,864222,17,True,True
213,Critical bond and site percolation on the cubic lattice,preprints/Critical-bond-and-site-percolation-on-the-cubic-lattice-September-24-2026/paper.pdf,True,426428,9,True,True
213,No percolation at criticality on quasi-transitive graphs,preprints/No-percolation-at-criticality-on-quasi-transitive-graphs-September-24-2026/paper.pdf,True,573471,14,True,True
214,Nonuniqueness of percolation on nonamenable quasi-transitive graphs,preprints/Nonuniqueness-of-percolation-on-nonamenable-quasi-transitive-graphs-September-24-2026/paper.pdf,True,649525,15,True,True
215,The canonical massive continuum limit of the two-dimensional O(3) model,preprints/The-canonical-massive-continuum-limit-of-the-two-dimensional-O3-model-October-4-2026/massive-continuum-o3.pdf,True,1036781,21,True,True
215,An Isolated Particle Pole for the Two-Dimensional O(3) Spin Field,preprints/An-Isolated-Particle-Pole-for-the-Two-Dimensional-O3-Spin-Field-October-4-2026/o3-particle-pole.pdf,True,458223,10,True,True
215,Exact mass asymptotics for the two-dimensional O(4) lattice model,preprints/Exact-mass-asymptotics-for-the-two-dimensional-O4-lattice-model-October-5-2026/exact-mass-o4.pdf,True,967548,11,True,True
215,Sharp mass bounds for the two-dimensional O(4) model,preprints/Sharp-mass-bounds-for-the-two-dimensional-O4-model-September-23-2026/paper.pdf,True,961282,20,True,True
215,Exponential decay in two-dimensional classical O(n) models,preprints/Exponential-decay-in-two-dimensional-classical-On-models-September-23-2026/paper.pdf,True,385951,4,True,True
216,The critical logarithmic correction for the planar XY model,preprints/The-critical-logarithmic-correction-for-the-planar-XY-model-October-5-2026/paper.pdf,True,885992,9,True,True
216,Critical Center Magnetization in the Planar XY Model,preprints/Critical-Center-Magnetization-in-the-Planar-XY-Model-October-5-2026/paper.pdf,True,694620,11,True,True
216,The Critical Spin Field of the Planar XY Model,preprints/The-Critical-Spin-Field-of-the-Planar-XY-Model-October-5-2026/paper.pdf,True,577672,11,True,True
216,Essential Singularity of the Correlation Length in the Planar XY Model,preprints/Essential-Singularity-of-the-Correlation-Length-in-the-Planar-XY-Model-October-5-2026/paper.pdf,True,686498,10,True,True
216,The critical correlation exponent of the planar XY model,preprints/The-critical-correlation-exponent-of-the-planar-XY-model-September-24-2026/paper.pdf,True,596209,10,True,True
216,BKT universality for height and planar spin fields,preprints/BKT-universality-for-height-and-planar-spin-fields-September-24-2026/paper.pdf,True,1520204,11,True,True
217,The low-temperature Sherrington–Kirkpatrick free-energy limiting law,preprints/The-low-temperature-Sherrington-Kirkpatrick-free-energy-limiting-law-September-24-2026/The-low-temperature-Sherrington-Kirkpatrick-free-energy-limiting-law-September-24-2026.pdf,True,1188449,16,True,True
217,The low-temperature Sherrington–Kirkpatrick fluctuation scale,preprints/The-low-temperature-Sherrington-Kirkpatrick-fluctuation-scale-September-24-2026/The-low-temperature-Sherrington-Kirkpatrick-fluctuation-scale-September-24-2026.pdf,True,821951,11,True,True
218,Quenched SLE₃ limits for general weak random-bond Ising models,preprints/Quenched-SLE3-limits-for-general-weak-random-bond-Ising-models-October-5-2026/general-weak-random-bond-ising.pdf,True,563704,12,True,True
218,Quenched SLE₃ Universality for the Weak Random-Bond Ising Model,preprints/Quenched-SLE3-Universality-for-the-Weak-Random-Bond-Ising-Model-October-5-2026/quenched-sle3-weak-random-bond-ising.pdf,True,897073,11,True,True
218,Logarithmic Relative Fluctuations in the Weakly Disordered Planar Ising Model,preprints/Logarithmic-Relative-Fluctuations-in-the-Weakly-Disordered-Planar-Ising-Model-October-5-2026/critical-relative-second-moment-weak-random-bond-ising.pdf,True,738672,14,True,True
218,Conformal universality of bulk Ising correlations under weak interactions,preprints/Conformal-universality-of-bulk-Ising-correlations-under-weak-interactions-September-23-2026/paper.pdf,True,637241,11,True,True
218,SLE3 universality for weak finite-range Ising interactions,preprints/SLE3-universality-for-weak-finite-range-Ising-interactions-September-23-2026/paper.pdf,True,801317,11,True,True
218,Buffered comparison and stopping-band resolution in critical Ising,preprints/Buffered-comparison-and-stopping-band-resolution-in-critical-Ising-September-23-2026/paper.pdf,True,595729,12,True,True
219,Fixed-energy universality for weak Anderson disorder on random regular graphs,preprints/Fixed-energy-universality-for-weak-Anderson-disorder-on-random-regular-graphs-October-5-2026/fixed-energy-universality-weak-anderson-disorder-random-regular-graphs.pdf,True,664775,11,True,True
219,GOE bulk universality for fixed-degree random regular graphs,preprints/GOE-bulk-universality-for-fixed-degree-random-regular-graphs-September-23-2026/paper.pdf,True,610750,9,True,True
220,A directional zero–one law for finite-range-dependent random environments,preprints/A-directional-zero-one-law-for-finite-range-dependent-random-environments-October-5-2026/directional-zero-one-finite-range.pdf,True,534682,10,True,True
220,A directional zero–one law under strict ellipticity,preprints/A-directional-zero-one-law-under-strict-ellipticity-September-23-2026/paper.pdf,True,540710,11,True,True
220,Directional transience implies ballisticity,preprints/Directional-transience-implies-ballisticity-September-23-2026/paper.pdf,True,709037,12,True,True
221,The Mézard–Parisi formula for diluted spin glasses,preprints/The-Mezard-Parisi-formula-for-diluted-spin-glasses-September-23-2026/paper.pdf,True,520996,13,True,True
222,The free energy of the Ising random perceptron,preprints/The-free-energy-of-the-Ising-random-perceptron-September-24-2026/The-free-energy-of-the-Ising-random-perceptron-September-24-2026.pdf,True,615772,10,True,True
222,Microscopic jamming in the negative spherical perceptron,preprints/Microscopic-jamming-in-the-negative-spherical-perceptron-September-24-2026/Microscopic-jamming-in-the-negative-spherical-perceptron-September-24-2026.pdf,True,1332814,1,True,True
222,The spherical perceptron with bi-orthogonally invariant disorder,preprints/The-spherical-perceptron-with-bi-orthogonally-invariant-disorder-September-24-2026/The-spherical-perceptron-with-bi-orthogonally-invariant-disorder-September-24-2026.pdf,True,564147,3,True,True
222,The free energy of the spherical random perceptron,preprints/The-free-energy-of-the-spherical-random-perceptron-September-24-2026/The-free-energy-of-the-spherical-random-perceptron-September-24-2026.pdf,True,473095,3,True,True
223,Square-lattice FK interfaces and nested loops for 1 <= q < 4,preprints/Square-lattice-FK-interfaces-and-nested-loops-for-1-leq-q-lt-4-September-23-2026/paper.pdf,True,1002139,14,True,True
223,Self-dual random-cluster interfaces below one,preprints/Self-dual-random-cluster-interfaces-below-one-September-23-2026/paper.pdf,True,1569976,27,True,True
223,Quenched SLE Universality for Weakly Disordered FK–Ising Interfaces,preprints/Quenched-SLE-Universality-for-Weakly-Disordered-FK-Ising-Interfaces-October-5-2026/quenched-fk-ising.pdf,True,583188,11,True,True
223,Thermal FK–Ising interfaces and massive SLE,preprints/Thermal-FK-Ising-interfaces-and-massive-SLE-October-5-2026/paper.pdf,True,655222,9,True,True
223,Natural Occupation Measures for Critical Square-Lattice FK Interfaces,preprints/Natural-Occupation-Measures-for-Critical-Square-Lattice-FK-Interfaces-October-5-2026/natural-occupation-measures-critical-square-lattice-fk-interfaces.pdf,True,703577,27,True,True
223,Conformal Limits of Critical Square-Lattice Random-Cluster Interfaces,preprints/Conformal-Limits-of-Critical-Square-Lattice-Random-Cluster-Interfaces-October-5-2026/paper.pdf,True,1092659,10,True,True
224,From critical crossings to quenched near-critical universality in Voronoi percolation,preprints/From-critical-crossings-to-quenched-near-critical-universality-in-Voronoi-percolation-October-5-2026/critical-crossings-quenched-near-critical-universality-voronoi-percolation.pdf,True,644796,9,True,True
224,A Pivotal Amplitude for Voronoi Percolation from Cardy's Formula,preprints/A-Pivotal-Amplitude-for-Voronoi-Percolation-from-Cardys-Formula-October-5-2026/voronoi-pivotal-amplitude.pdf,True,601111,10,True,True
224,Cardy’s formula for critical Poisson–Voronoi percolation,preprints/Cardys-formula-for-critical-Poisson-Voronoi-percolation-September-23-2026/paper.pdf,True,757949,11,True,True
225,The Gaussian free field limit of the balanced six-vertex model with variance multiplier 1/arcsin(c/2),preprints/The-Gaussian-free-field-limit-of-the-balanced-six-vertex-model-with-variance-multiplier-1-over-arcsin-c-over-2-September-23-2026/The-Gaussian-free-field-limit-of-the-balanced-six-vertex-model-with-variance-multiplier-1-over-arcsin-c-over-2-September-23-2026.pdf,True,870977,12,True,True
226,The curve scaling limit of half-plane double dimers,preprints/The-curve-scaling-limit-of-half-plane-double-dimers-September-23-2026/paper.pdf,True,490800,8,True,True
227,Universality of critical quench autocorrelations in the Sherrington–Kirkpatrick model,preprints/Universality-of-critical-quench-autocorrelations-in-the-Sherrington-Kirkpatrick-model-October-5-2026/main.pdf,True,952671,11,True,True
227,Functional universality of critical SK autocorrelations,preprints/Functional-universality-of-critical-SK-autocorrelations-October-5-2026/critical-sk-autocorrelations.pdf,True,755585,13,True,True
227,A spectral gap throughout the high-temperature Sherrington–Kirkpatrick phase,preprints/A-spectral-gap-throughout-the-high-temperature-Sherrington-Kirkpatrick-phase-September-24-2026/main.pdf,True,753991,12,True,True
227,Cutoff throughout the high-temperature Sherrington–Kirkpatrick phase,preprints/Cutoff-throughout-the-high-temperature-Sherrington-Kirkpatrick-phase-September-24-2026/paper.pdf,True,1264910,23,True,True
227,Critical slowing down in the Sherrington–Kirkpatrick model,preprints/Critical-slowing-down-in-the-Sherrington-Kirkpatrick-model-September-24-2026/paper.pdf,True,549386,9,True,True
227,Stretched-exponential barriers for typical SK initial states,preprints/Stretched-exponential-barriers-for-typical-SK-initial-states-September-24-2026/paper.pdf,True,671818,16,True,True
227,A typical-start upper bound for low-temperature SK Glauber dynamics,preprints/A-typical-start-upper-bound-for-low-temperature-SK-Glauber-dynamics-September-24-2026/paper.pdf,True,440743,10,True,True
227,Critical mixing in the Sherrington–Kirkpatrick model,preprints/Critical-mixing-in-the-Sherrington-Kirkpatrick-model-September-25-2026/paper.pdf,True,1514416,20,True,True
228,A continuum temperature singularity for a radial pair potential,preprints/A-continuum-temperature-singularity-for-a-radial-pair-potential-September-24-2026/paper.pdf,True,476825,7,True,True
228,A radial continuum phase transition with algebraic decay,preprints/A-radial-continuum-phase-transition-with-algebraic-decay-September-24-2026/paper.pdf,True,536600,9,True,True
229,The Reconstruction Threshold for the Ferromagnetic Four-State Potts Model,preprints/The-Reconstruction-Threshold-for-the-Ferromagnetic-Four-State-Potts-Model-October-5-2026/four-state-potts.pdf,True,514729,9,True,True
229,A Capacity Criterion for Four-State Potts Reconstruction on Trees,preprints/A-Capacity-Criterion-for-Four-State-Potts-Reconstruction-on-Trees-October-5-2026/four-state-capacity.pdf,True,345473,1,True,True
229,The exact reconstruction threshold for the three-state symmetric channel,preprints/The-exact-reconstruction-threshold-for-the-three-state-symmetric-channel-September-25-2026/paper.pdf,True,533465,13,True,True
230,An exact Hausdorff gauge for SLE,preprints/An-exact-Hausdorff-gauge-for-SLE-September-25-2026/An-exact-Hausdorff-gauge-for-SLE-September-25-2026.pdf,True,561334,12,True,True
230,An explicit exact Hausdorff gauge for SLE,preprints/An-explicit-exact-Hausdorff-gauge-for-SLE-September-26-2026/An-explicit-exact-Hausdorff-gauge-for-SLE-September-26-2026.pdf,True,646952,14,True,True
231,The free uniform spanning forest is a factor of IID,preprints/The-free-uniform-spanning-forest-is-a-factor-of-IID-September-25-2026/The-free-uniform-spanning-forest-is-a-factor-of-IID-September-25-2026.pdf,True,414815,7,True,True
232,Gaussian free-field limits of weighted integer Lipschitz heights,preprints/Gaussian-free-field-limits-of-weighted-integer-Lipschitz-heights-October-6-2026/paper.pdf,True,930006,14,True,True
232,The Gaussian free field limit of integer Lipschitz heights with two-arc boundary data,preprints/The-Gaussian-free-field-limit-of-integer-Lipschitz-heights-with-two-arc-boundary-data-October-6-2026/paper.pdf,True,632285,13,True,True
232,Uniform real Lipschitz surfaces on the triangular lattice,preprints/Uniform-real-Lipschitz-surfaces-on-the-triangular-lattice-October-6-2026/paper.pdf,True,1051339,10,True,True
233,The joint scaling limit of critical Ashkin-Teller currents,preprints/The-joint-scaling-limit-of-critical-Ashkin-Teller-currents-October-6-2026/main.pdf,True,1005710,11,True,True
234,All-temperature pressure for orthogonally invariant Ising spin glasses,preprints/All-temperature-pressure-for-orthogonally-invariant-Ising-spin-glasses-September-25-2026/paper.pdf,True,728530,9,True,True
235,A Limiting Satisfiability Threshold for Every Fixed Clause Size,preprints/A-Limiting-Satisfiability-Threshold-for-Every-Fixed-Clause-Size-September-25-2026/article.pdf,True,213536,10,True,True
235,Linear Variance of the Random 3-SAT Hitting Time,preprints/Linear-Variance-of-the-Random-3-SAT-Hitting-Time-October-5-2026/linear-variance-of-the-random-3-sat-hitting-time.pdf,True,312878,1,True,True
235,Variance of the Random k-SAT Hitting Time,preprints/Variance-of-the-Random-k-SAT-Hitting-Time-September-27-2026/article.pdf,True,474205,12,True,True
235,Computing the Random 3-SAT Threshold,preprints/Computing-the-Random-3-SAT-Threshold-September-27-2026/article.pdf,True,612468,11,True,True
236,The sharp factor-of-IID threshold for the free Ising model on regular trees,preprints/The-sharp-factor-of-IID-threshold-for-the-free-Ising-model-on-regular-trees-September-26-2026/article.pdf,True,657086,11,True,True
237,Radial transfer estimates and polygon length laws for honeycomb walks,preprints/Radial-transfer-estimates-and-polygon-length-laws-for-honeycomb-walks-September-26-2026/main.pdf,True,1001606,23,True,True
237,Critical honeycomb chords with prescribed boundary endpoints,preprints/Critical-honeycomb-chords-with-prescribed-boundary-endpoints-September-26-2026/main.pdf,True,601496,11,True,True
237,Cylinder loop weights and planar nesting,preprints/Cylinder-loop-weights-and-planar-nesting-September-26-2026/main.pdf,True,892781,11,True,True
237,Mass and covering exponents for fixed-length honeycomb walks,preprints/Mass-and-covering-exponents-for-fixed-length-honeycomb-walks-September-26-2026/main.pdf,True,783025,18,True,True
237,Signed cylinder propagation and marked polygons on the honeycomb lattice,preprints/Signed-cylinder-propagation-and-marked-polygons-on-the-honeycomb-lattice-September-26-2026/main.pdf,True,1197586,20,True,True
237,Cylinder amplitudes and logarithmic bridge-length windows on the honeycomb lattice,preprints/Cylinder-amplitudes-and-logarithmic-bridge-length-windows-on-the-honeycomb-lattice-September-26-2026/main.pdf,True,1013572,18,True,True
237,Marked polygon correlations and one-arc bounds,preprints/Marked-polygon-correlations-and-one-arc-bounds-September-26-2026/main.pdf,True,765500,11,True,True
237,Disk transfer representations and confined bridge mass,preprints/Disk-transfer-representations-and-confined-bridge-mass-September-26-2026/main.pdf,True,903272,11,True,True
237,Polynomial vacuum representations and bridge mass for honeycomb walks,preprints/Polynomial-vacuum-representations-and-bridge-mass-for-honeycomb-walks-September-26-2026/main.pdf,True,767701,17,True,True
237,Renewal and changes of law for critical honeycomb walks,preprints/Renewal-and-changes-of-law-for-critical-honeycomb-walks-September-26-2026/main.pdf,True,884446,15,True,True
237,Critical strip-crossing mass on the honeycomb lattice,preprints/Critical-strip-crossing-mass-on-the-honeycomb-lattice-September-26-2026/main.pdf,True,509106,14,True,True
237,Uniform marked-polygon estimates and sharp finite bridge moments,preprints/Uniform-marked-polygon-estimates-and-sharp-finite-bridge-moments-September-26-2026/main.pdf,True,1105159,19,True,True
237,Cap-selected amplitudes and triangle chords for honeycomb walks,preprints/Cap-selected-amplitudes-and-triangle-chords-for-honeycomb-walks-September-26-2026/main.pdf,True,889954,18,True,True
238,Optimal-order mixing of the Thorp shuffle,preprints/Optimal-order-mixing-of-the-Thorp-shuffle-September-26-2026/paper.pdf,True,399392,3,True,True
238,Random coordinate frames and partial permutation laws,preprints/Random-coordinate-frames-and-partial-permutation-laws-September-26-2026/main.pdf,True,781161,18,True,True
238,From partial permutation information to Fourier bounds,preprints/From-partial-permutation-information-to-Fourier-bounds-September-26-2026/main.pdf,True,736258,20,True,True
238,Conditional information under deterministic coordinate sweeps,preprints/Conditional-information-under-deterministic-coordinate-sweeps-September-26-2026/main.pdf,True,877928,19,True,True
238,Conditional permutations in a revealed switching environment,preprints/Conditional-permutations-in-a-revealed-switching-environment-September-26-2026/paper.pdf,True,563708,8,True,True
238,Routing densities and representation contraction for Thorp sweeps,preprints/Routing-densities-and-representation-contraction-for-Thorp-sweeps-September-26-2026/paper.pdf,True,949749,14,True,True
238,Row–column symmetry and contraction of coordinate sweeps,preprints/Row-column-symmetry-and-contraction-of-coordinate-sweeps-September-26-2026/paper.pdf,True,573582,5,True,True
238,Random-subspace tests and trace smoothing for coordinate sweeps,preprints/Random-subspace-tests-and-trace-smoothing-for-coordinate-sweeps-September-26-2026/paper.pdf,True,415438,3,True,True
238,Compatibility entropy and the spectrum of a Thorp sweep,preprints/Compatibility-entropy-and-the-spectrum-of-a-Thorp-sweep-September-26-2026/paper.pdf,True,1130888,19,True,True
238,Signed tensor densities and diagram budgets for the Thorp shuffle,preprints/Signed-tensor-densities-and-diagram-budgets-for-coordinate-sweeps-September-26-2026/paper.pdf,True,1045554,15,True,True
238,Conditional coordinate sweeps and analytic transfer,preprints/Conditional-coordinate-sweeps-and-analytic-transfer-September-26-2026/main.pdf,True,427746,9,True,True
238,A strict four-row permanent inequality and permutation moments,preprints/A-strict-four-row-permanent-inequality-and-permutation-moments-September-26-2026/main.pdf,True,410537,8,True,True
239,The sharp exponential rate of singularity for symmetric Bernoulli matrices,preprints/The-sharp-exponential-rate-of-singularity-for-symmetric-Bernoulli-matrices-October-3-2026/symmetric-bernoulli-singularity.pdf,True,644716,14,True,True
239,The sharp singularity rate for biased symmetric sign matrices,preprints/The-sharp-singularity-rate-for-biased-symmetric-sign-matrices-October-4-2026/biased-symmetric-sign-singularity.pdf,True,560671,10,True,True
240,A CH obstruction to a prescribed categoricity threshold,preprints/A-CH-Obstruction-to-a-Prescribed-Categoricity-Threshold-September-24-2026/paper.pdf,True,549483,10,True,True
240,Eventual categoricity for abstract elementary classes,preprints/Eventual-Categoricity-for-Abstract-Elementary-Classes-September-24-2026/paper.pdf,True,975455,16,True,True
241,Rigidity of the Turing degrees,preprints/Rigidity-of-the-Turing-degrees-September-24-2026/paper.pdf,True,294854,9,True,True
242,Single-fold Diophantine representations,preprints/Single-fold-Diophantine-representations-September-24-2026/paper.pdf,True,429309,8,True,True
243,Choiceless polynomial time with counting does not capture polynomial time,preprints/Choiceless-polynomial-time-with-counting-does-not-capture-polynomial-time-September-23-2026/paper.pdf,True,537294,12,True,True
243,Witnessed symmetric choice is strictly stronger than choiceless polynomial time with counting,preprints/Witnessed-symmetric-choice-is-strictly-stronger-than-choiceless-polynomial-time-with-counting-September-24-2026/paper.pdf,True,593898,11,True,True
244,The Partition Principle does not imply Choice,preprints/The-Partition-Principle-does-not-imply-Choice-September-24-2026/partition-principle-without-choice.pdf,True,610408,10,True,True
245,Weak and strong normalization in pure type systems,preprints/Weak-and-strong-normalization-in-pure-type-systems-September-25-2026/paper.pdf,True,719425,11,True,True
246,A Modulus Proof of Cannon’s Conjecture,preprints/A-Modulus-Proof-of-Cannons-Conjecture-September-23-2026/paper.pdf,True,519583,9,True,True
247,An infinite finitely presented residually finite 2-group,preprints/An-infinite-finitely-presented-residually-finite-2-group-October-5-2026/residually-finite-torsion.pdf,True,411915,10,True,True
247,An infinite finitely presented periodic group,preprints/An-infinite-finitely-presented-periodic-group-September-23-2026/paper.pdf,True,564954,8,True,True
248,Thompson's group F is nonamenable,preprints/Thompsons-group-F-is-nonamenable-September-23-2026/paper.pdf,True,354266,7,True,True
249,A finitely generated counterexample to the Eilenberg–Ganea conjecture,preprints/A-finitely-generated-counterexample-to-the-Eilenberg-Ganea-conjecture-September-23-2026/paper.pdf,True,454858,8,True,True
250,Finite algebraic envelopes and the Boone–Higman conjecture,preprints/Finite-algebraic-envelopes-and-the-Boone-Higman-conjecture-September-23-2026/paper.pdf,True,531689,9,True,True
250,Simple F∞ overgroups of groups with decidable word problem,preprints/Simple-F-infinity-overgroups-of-groups-with-decidable-word-problem-September-23-2026/paper.pdf,True,502151,6,True,True
250,A universal group of type F∞,preprints/A-universal-group-of-type-F-infinity-September-23-2026/paper.pdf,True,401321,10,True,True
251,Unitarizability implies amenability for discrete groups,preprints/Unitarizability-Implies-Amenability-for-Countable-Groups-September-23-2026/paper.pdf,True,406667,7,True,True
251,Strong Ulam Stability Characterizes Amenability,preprints/Strong-Ulam-Stability-Characterizes-Amenability-October-5-2026/strong-ulam-stability.pdf,True,401489,1,True,True
252,A torsion-free hyperbolic group that is not residually finite,preprints/a-torsion-free-hyperbolic-group-that-is-not-residually-finite-September-23-2026/paper.pdf,True,377763,5,True,True
253,An infinite finitely presented simple amenable group,preprints/An-Infinite-Finitely-Presented-Simple-Amenable-Group-September-23-2026/paper.pdf,True,623899,10,True,True
254,"Harmonic heights and the Artin K(pi,1) conjecture",preprints/Harmonic-heights-and-the-Artin-K-pi-1-conjecture-September-23-2026/paper.pdf,True,764308,14,True,True
254,An Artin group with no geometric CAT(0) action,preprints/An-Artin-group-with-no-geometric-CAT-0-action-September-23-2026/paper.pdf,True,467232,10,True,True
254,Parabolic intersections in Artin groups,preprints/Parabolic-intersections-in-Artin-groups-September-23-2026/paper.pdf,True,655595,10,True,True
255,Quasi-isometric recognition of virtually polycyclic groups,preprints/quasi-isometric-recognition-of-virtually-polycyclic-groups-September-24-2026/paper.pdf,True,758442,14,True,True
256,Nonsingular systems of equations over arbitrary groups,preprints/Nonsingular-systems-of-equations-over-arbitrary-groups-October-5-2026/nonsingular-systems-over-arbitrary-groups.pdf,True,383280,8,True,True
256,The Kervaire theorem for groups,preprints/The-Kervaire-Theorem-for-Groups-September-24-2026/The-Kervaire-Theorem-for-Groups-September-24-2026.pdf,True,365357,6,True,True
257,A hyperbolic group with no geometric CAT(0) action,preprints/A-hyperbolic-group-with-no-geometric-CAT0-action-September-25-2026/paper.pdf,True,331299,12,True,True
258,Baumslag-Solitar-free one-relator groups are hyperbolic,preprints/Baumslag-Solitar-free-one-relator-groups-are-hyperbolic-September-25-2026/paper.pdf,True,584368,10,True,True
258,Virtual compact specialness of hyperbolic one-relator groups,preprints/Virtual-compact-specialness-of-hyperbolic-one-relator-groups-September-25-2026/paper.pdf,True,1170665,20,True,True
259,A group without fixed price,preprints/A-group-without-fixed-price-October-5-2026/unequal-costs-rank-100-amalgam.pdf,True,434930,10,True,True
260,The spacetime Penrose inequality with charge and original-data rigidity,preprints/The-spacetime-Penrose-inequality-with-charge-and-original-data-rigidity-October-5-2026/paper.pdf,True,1073402,14,True,True
260,A Charged Reduction of the Spacetime Penrose Inequality in Spatial Dimensions at Least Four,preprints/A-Charged-Reduction-of-the-Spacetime-Penrose-Inequality-in-Spatial-Dimensions-at-Least-Four-October-5-2026/paper.pdf,True,995014,15,True,True
260,"Spacetime Penrose inequalities: enclosing area, charge, and rigidity",preprints/Spacetime-Penrose-inequalities-enclosing-area-charge-and-rigidity-October-5-2026/paper.pdf,True,1986464,47,True,True
260,The Kerr–Newman Penrose Inequality for Axisymmetric Electrovacuum Exteriors,preprints/The-Kerr-Newman-Penrose-Inequality-for-Axisymmetric-Electrovacuum-Exteriors-October-5-2026/paper.pdf,True,825467,12,True,True
260,Electromagnetic tails and the Kerr–Newman Penrose inequality,preprints/Electromagnetic-tails-and-the-Kerr-Newman-Penrose-inequality-October-5-2026/paper.pdf,True,377252,7,True,True
260,The nonmaximal anti-de Sitter Penrose Inequality and original-data rigidity,preprints/The-nonmaximal-anti-de-Sitter-Penrose-Inequality-and-original-data-rigidity-October-5-2026/paper.pdf,True,1303894,19,True,True
260,The Penrose inequality for maximal asymptotically hyperbolic initial data,preprints/The-Penrose-inequality-for-maximal-asymptotically-hyperbolic-initial-data-October-5-2026/paper.pdf,True,853015,12,True,True
260,A local Penrose inequality for conformal perturbations of Schwarzschild–anti-de Sitter data,preprints/A-local-Penrose-inequality-for-conformal-perturbations-of-Schwarzschild-anti-de-Sitter-data-October-5-2026/paper.pdf,True,551930,8,True,True
260,The spacetime Penrose inequality and enclosing area,preprints/The-spacetime-Penrose-inequality-and-enclosing-area-September-27-2026/paper.pdf,True,910424,11,True,True
260,Conformal flow and the Riemannian Penrose inequality with minimizing frontiers,preprints/Conformal-flow-and-the-Riemannian-Penrose-inequality-with-minimizing-frontiers-September-27-2026/paper.pdf,True,735828,15,True,True
260,Equality and rigidity in the spacetime Penrose inequality,preprints/Equality-and-rigidity-in-the-spacetime-Penrose-inequality-September-27-2026/paper.pdf,True,1274586,24,True,True
260,Boundary graph deformations for the spacetime Penrose inequality,preprints/Boundary-graph-deformations-for-the-spacetime-Penrose-inequality-September-27-2026/paper.pdf,True,1254888,20,True,True
260,Area-controlled end replacement and the Bondi Penrose inequality in the CKS class,preprints/Area-controlled-end-replacement-and-the-Bondi-Penrose-inequality-in-the-CKS-class-September-27-2026/paper.pdf,True,450412,9,True,True
261,Absolutely Continuous Spectrum for Weak-Disorder Anderson Models in Dimensions at Least Three,preprints/Absolutely-Continuous-Spectrum-for-Weak-Disorder-Anderson-Models-in-Dimensions-at-Least-Three-September-23-2026/paper.pdf,True,852757,11,True,True
261,Pure-Point Spectrum for the Two-Dimensional Anderson Model at Every Positive Disorder,preprints/Pure-Point-Spectrum-for-the-Two-Dimensional-Anderson-Model-at-Every-Positive-Disorder-September-23-2026/paper.pdf,True,778906,13,True,True
262,Equality cases in the sharp one-dimensional matrix Lieb–Thirring inequality,preprints/Equality-cases-in-the-sharp-one-dimensional-matrix-Lieb-Thirring-inequality-October-5-2026/sharp-one-dimensional-lieb-thirring-inequalities-matrix-potentials.pdf,True,467633,11,True,True
262,Sharp one-dimensional Lieb–Thirring inequalities for matrix potentials,preprints/Sharp-one-dimensional-Lieb-Thirring-inequalities-for-matrix-potentials-October-5-2026/sharp-matrix-lieb-thirring.pdf,True,447598,11,True,True
262,Sharp one-dimensional Lieb–Thirring constants,preprints/Sharp-One-Dimensional-Lieb-Thirring-Constants-September-23-2026/paper.pdf,True,431003,9,True,True
263,Uniform excess charge for Coulomb molecules and the outer radius of neutral atoms,preprints/Uniform-excess-charge-for-Coulomb-molecules-and-the-outer-radius-of-neutral-atoms-September-24-2026/paper.pdf,True,840161,18,True,True
263,Generalized ionization energies for full Coulomb atoms,preprints/Generalized-ionization-energies-for-full-Coulomb-atoms-September-24-2026/paper.pdf,True,545025,10,True,True
263,Generalized outer-electron radii of neutral Coulomb atoms,preprints/Generalized-outer-electron-radii-of-neutral-Coulomb-atoms-September-24-2026/paper.pdf,True,405208,10,True,True
264,Generic Future Inextendibility with Square-Integrable Connection Near a Fixed Kerr Spacetime,preprints/Generic-Future-Inextendibility-with-Square-Integrable-Connection-Near-a-Fixed-Kerr-Spacetime-September-23-2026/paper.pdf,True,703398,12,True,True
264,Generic C1 Future Inextendibility Near Rotating Subextremal Kerr Spacetimes,preprints/Generic-C1-Future-Inextendibility-Near-Rotating-Subextremal-Kerr-Spacetimes-September-23-2026/paper.pdf,True,835946,14,True,True
264,Quantitative Near-Kerr Evolution and Generic C2 Future Inextendibility,preprints/Quantitative-Near-Kerr-Evolution-and-Generic-C2-Future-Inextendibility-September-23-2026/paper.pdf,True,1249375,17,True,True
265,A two-dimensional area law from a global spectral gap,preprints/A-two-dimensional-area-law-from-a-global-spectral-gap-September-24-2026/paper.pdf,True,869337,13,True,True
265,Polynomial PEPS approximation of gapped square-grid ground states,preprints/Polynomial-PEPS-approximation-of-gapped-square-grid-ground-states-September-24-2026/paper.pdf,True,671703,13,True,True
266,The maximum number of mutually unbiased bases in dimension six,preprints/The-maximum-number-of-mutually-unbiased-bases-in-dimension-six-September-24-2026/The-maximum-number-of-mutually-unbiased-bases-in-dimension-six-September-24-2026.pdf,True,817737,12,True,True
266,Exact Fourier certificates for complex Hadamard matrices of order six,preprints/Exact-Fourier-certificates-for-complex-Hadamard-matrices-of-order-six-September-24-2026/Exact-Fourier-certificates-for-complex-Hadamard-matrices-of-order-six-September-24-2026.pdf,True,396915,8,True,True
267,Bose–Einstein condensation at positive temperature in the dilute hard-sphere gas,preprints/Bose-Einstein-condensation-at-positive-temperature-in-the-dilute-hard-sphere-gas-October-5-2026/positive-temperature-hard-spheres.pdf,True,697422,12,True,True
267,Quantum Depletion and Momentum Distribution in the Dilute Hard-Sphere Bose Gas,preprints/Quantum-Depletion-and-Momentum-Distribution-in-the-Dilute-Hard-Sphere-Bose-Gas-October-5-2026/Quantum-Depletion-in-the-Dilute-Hard-Sphere-Bose-Gas.pdf,True,898784,14,True,True
267,Quantum Depletion for Fixed Bounded Repulsive Potentials,preprints/Quantum-Depletion-for-Fixed-Bounded-Repulsive-Potentials-October-5-2026/fixed-repulsion-quantum-depletion.pdf,True,642178,10,True,True
267,A density-uniform condensate bound for dilute Bose gases,preprints/A-density-uniform-condensate-bound-for-dilute-Bose-gases-September-27-2026/paper.pdf,True,669895,14,True,True
267,Ground-state condensation in the dilute hard-sphere gas,preprints/Ground-state-condensation-in-the-dilute-hard-sphere-gas-September-24-2026/paper.pdf,True,651489,11,True,True
268,The periodic spin-one Haldane gap,preprints/The-periodic-spin-one-Haldane-gap-September-24-2026/paper.pdf,True,502024,10,True,True
268,A boundary-field gap for the spin-one Heisenberg chain,preprints/A-boundary-field-gap-for-the-spin-one-Heisenberg-chain-September-24-2026/paper.pdf,True,470100,10,True,True
269,Uniform Stability of the Spherical Laughlin Gap,preprints/Uniform-Stability-of-the-Spherical-Laughlin-Gap-October-5-2026/uniform-stability-spherical-laughlin-gap.pdf,True,775445,201,True,True
269,A Fock-space inequality and the Laughlin spectral gap,preprints/A-Fock-space-inequality-and-the-Laughlin-spectral-gap-September-24-2026/A-Fock-space-inequality-and-the-Laughlin-spectral-gap-September-24-2026.pdf,True,477632,10,True,True
270,The unique threshold bound state of the SU(N) BFSS model,preprints/The-unique-threshold-bound-state-of-the-SU-N-BFSS-model-September-24-2026/paper.pdf,True,390331,9,True,True
270,Positive eigenvalues of the relative SU(2) BFSS Hamiltonian,preprints/Positive-eigenvalues-of-the-relative-SU-2-BFSS-Hamiltonian-October-5-2026/positive-eigenvalues-relative-su2-bfss.pdf,True,364093,1,True,True
271,Bloch's Law for Finite-Range Heisenberg Ferromagnets in Three Dimensions,preprints/Blochs-Law-for-Finite-Range-Heisenberg-Ferromagnets-in-Three-Dimensions-October-5-2026/bloch-law-heisenberg.pdf,True,616873,9,True,True
271,The first lattice correction to Bloch's law,preprints/The-first-lattice-correction-to-Blochs-law-October-5-2026/first-lattice-correction-bloch-law.pdf,True,526174,13,True,True
271,The spherical magnetization law for the three-dimensional quantum Heisenberg ferromagnet,preprints/The-spherical-magnetization-law-for-the-three-dimensional-quantum-Heisenberg-ferromagnet-October-5-2026/spherical-magnetization.pdf,True,660549,11,True,True
271,Spontaneous magnetization in the quantum Heisenberg ferromagnet,preprints/Spontaneous-magnetization-in-the-quantum-Heisenberg-ferromagnet-September-24-2026/paper.pdf,True,775556,11,True,True
272,Entanglement with zero distillable secret key in local dimension ten,preprints/Entanglement-with-zero-distillable-secret-key-in-local-dimension-ten-September-27-2026/paper.pdf,True,725572,14,True,True
273,The entropy photon-number inequality,preprints/The-entropy-photon-number-inequality-September-24-2026/paper.pdf,True,492265,9,True,True
274,Product-projection localization and the QAC0 parity lower bound,preprints/Product-projection-localization-and-the-QAC0-parity-lower-bound-September-24-2026/paper.pdf,True,442232,10,True,True
274,"Regular trajectories, pruning and quantum parity",preprints/Regular-trajectories-pruning-and-quantum-parity-September-24-2026/paper.pdf,True,526054,9,True,True
275,Continuum Coulomb hardness with binary nuclear charges,preprints/Continuum-Coulomb-hardness-with-binary-nuclear-charges-September-24-2026/Continuum-Coulomb-hardness-with-binary-nuclear-charges-September-24-2026.pdf,True,559502,8,True,True
275,QMA-hardness of continuum Coulomb energy with unit nuclear charges,preprints/QMA-hardness-of-continuum-Coulomb-energy-with-unit-nuclear-charges-September-24-2026/QMA-hardness-of-continuum-Coulomb-energy-with-unit-nuclear-charges-September-24-2026.pdf,True,482070,11,True,True
276,Classical capacity and entropy inequalities for generalized amplitude damping,preprints/Classical-capacity-and-entropy-inequalities-for-generalized-amplitude-damping-September-24-2026/paper.pdf,True,392775,9,True,True
277,Threshold parallel repetition for finite-dimensional entangled games,preprints/Threshold-parallel-repetition-for-finite-dimensional-entangled-games-September-25-2026/paper.pdf,True,426968,8,True,True
278,A Coulomb ground-state density without Kohn-Sham ensemble representation,preprints/A-Coulomb-Ground-State-Density-without-Kohn-Sham-Ensemble-Representation-September-25-2026/paper.pdf,True,598873,10,True,True
279,Exact quantum factoring over a fixed finite gate set,preprints/Exact-quantum-factoring-over-a-fixed-finite-gate-set-September-25-2026/main.pdf,True,388243,10,True,True
280,Strongly rational unitary vertex operator algebras and conformal nets,preprints/Strongly-rational-unitary-vertex-operator-algebras-and-conformal-nets-September-25-2026/paper.pdf,True,589483,10,True,True
281,QAOA attains the SK ground-state energy in the thermodynamic-first limit,preprints/QAOA-attains-the-SK-ground-state-energy-in-the-thermodynamic-first-limit-September-25-2026/QAOA-attains-the-SK-ground-state-energy-in-the-thermodynamic-first-limit-September-25-2026.pdf,True,665325,10,True,True
281,Full support of the zero-temperature Sherrington-Kirkpatrick order parameter,preprints/Full-support-of-the-zero-temperature-Sherrington-Kirkpatrick-order-parameter-September-27-2026/main.pdf,True,521361,11,True,True
282,Scale and conformal symmetry in four-dimensional operational quantum field theory,preprints/Scale-and-conformal-symmetry-in-four-dimensional-operational-quantum-field-theory-September-26-2026/main.pdf,True,1017171,9,True,True
283,Polynomial-Time Unitary Synthesis from a Boolean Oracle,preprints/Polynomial-Time-Unitary-Synthesis-from-a-Boolean-Oracle-October-5-2026/paper.pdf,True,450775,10,True,True
284,A Nearly Quartic Separation Between Randomized and Quantum Query Complexity,preprints/A-Nearly-Quartic-Separation-Between-Randomized-and-Quantum-Query-Complexity-October-5-2026/quartic-query-separation.pdf,True,433829,9,True,True
285,A torsion-free counterexample to reduced Baum–Connes injectivity,preprints/A-Torsion-Free-Counterexample-to-Reduced-Baum-Connes-Injectivity-September-23-2026/paper.pdf,True,847708,10,True,True
285,A torsion-free counterexample to the Kadison–Kaplansky projection conjecture,preprints/A-Torsion-Free-Counterexample-to-the-Kadison-Kaplansky-Projection-Conjecture-September-23-2026/paper.pdf,True,662684,14,True,True
285,An irrational-trace counterexample to reduced Baum–Connes,preprints/An-Irrational-Trace-Counterexample-to-Reduced-Baum-Connes-September-23-2026/paper.pdf,True,427993,9,True,True
286,Arithmeticity of twisted finite correspondences for lattices over local fields,preprints/Arithmeticity-of-twisted-finite-correspondences-for-lattices-over-local-fields-September-23-2026/paper.pdf,True,1401713,16,True,True
286,The arithmetic category and stable recovery of lattice factors,preprints/The-arithmetic-category-and-stable-recovery-of-lattice-factors-September-23-2026/paper.pdf,True,511795,7,True,True
287,An isomorphism of the free group factors,preprints/An-isomorphism-of-the-free-group-factors-September-23-2026/An-isomorphism-of-the-free-group-factors-September-23-2026.pdf,True,456357,8,True,True
288,Kadison's similarity theorem through uniform derivation estimates,preprints/Kadisons-similarity-theorem-through-uniform-derivation-estimates-September-23-2026/paper.pdf,True,273047,10,True,True
289,Universal strong Kadison–Kastler stability,preprints/Universal-strong-Kadison-Kastler-stability-September-23-2026/paper.pdf,True,704708,12,True,True
289,Near Inclusions of von Neumann Algebras Without Small Spatial Embeddings,preprints/Near-Inclusions-of-von-Neumann-Algebras-Without-Small-Spatial-Embeddings-October-5-2026/near-inclusions.pdf,True,313297,5,True,True
289,Close Separable C-Algebras Without Spatial Conjugacy,preprints/Close-Separable-Cstar-Algebras-Without-Spatial-Conjugacy-October-5-2026/paper.pdf,True,316454,2,True,True
290,Expected amenable subalgebras preserving core commutants,preprints/Expected-amenable-subalgebras-preserving-core-commutants-September-23-2026/Expected-amenable-subalgebras-preserving-core-commutants-September-23-2026.pdf,True,333040,1,True,True
290,Bounded recovery for modular spectral averages,preprints/Bounded-recovery-for-modular-spectral-averages-September-23-2026/Bounded-recovery-for-modular-spectral-averages-September-23-2026.pdf,True,361603,8,True,True
291,Equivariant Jiang–Su Stability for Amenable Actions in the Unital Stably Finite Case,preprints/Equivariant-Jiang-Su-Stability-for-Amenable-Actions-in-the-Unital-Stably-Finite-Case-October-5-2026/paper.pdf,True,317024,7,True,True
291,Cuntz comparison and Jiang–Su absorption,preprints/Cuntz-comparison-and-Jiang-Su-absorption-September-23-2026/paper.pdf,True,648376,16,True,True
291,Nuclear dimension and Jiang–Su stability without elementary subquotients,preprints/Nuclear-dimension-and-Jiang-Su-stability-without-elementary-subquotients-September-23-2026/paper.pdf,True,561002,12,True,True
291,Tracial projection methods and uniform property Gamma,preprints/Tracial-projection-methods-and-uniform-property-Gamma-September-23-2026/paper.pdf,True,618906,18,True,True
292,An explicit obstruction to nuclear norm-ultrapower embeddings,preprints/An-explicit-obstruction-to-nuclear-norm-ultrapower-embeddings-September-23-2026/paper.pdf,True,367447,8,True,True
293,Invariant-projection counterexamples for every irrational rotation,preprints/Invariant-projection-counterexamples-for-every-irrational-rotation-September-27-2026/paper.pdf,True,603114,16,True,True
293,Backward intertwiners and a transitive commutant,preprints/Backward-intertwiners-and-a-transitive-commutant-September-27-2026/paper.pdf,True,399700,11,True,True
294,A counterexample to Kaplansky's quasitrace conjecture and failure of tensor-product stable finiteness,preprints/A-counterexample-to-Kaplanskys-quasitrace-conjecture-September-23-2026/paper.pdf,True,372045,10,True,True
295,Vanishing of higher bounded Hochschild cohomology,preprints/Vanishing-of-higher-bounded-Hochschild-cohomology-September-23-2026/paper.pdf,True,474519,9,True,True
296,Relative generation and the generator problem for finite factors,preprints/Relative-generation-and-the-generator-problem-for-finite-factors-September-23-2026/paper.pdf,True,205670,7,True,True
297,A counterexample to Naimark's problem in ZFC,preprints/A-counterexample-to-Naimarks-problem-in-ZFC-September-24-2026/naimark-counterexample-zfc.pdf,True,371791,7,True,True
298,A finite-entropy separation of microstates and nonmicrostates free entropy,preprints/A-finite-entropy-separation-of-microstates-and-nonmicrostates-free-entropy-September-25-2026/paper.pdf,True,313363,8,True,True
299,The Kirchberg–Rørdam character criterion,preprints/The-Kirchberg-Rordam-character-criterion-September-25-2026/paper.pdf,True,417487,9,True,True
300,Approximation Paving over Arbitrary Maximal Abelian Subalgebras,preprints/Approximation-Paving-over-Arbitrary-Maximal-Abelian-Subalgebras-September-25-2026/Approximation-Paving-over-Arbitrary-Maximal-Abelian-Subalgebras-September-25-2026.pdf,True,572733,11,True,True
300,Quadratic Strong-Operator Paving over Arbitrary Maximal Abelian Subalgebras,preprints/Quadratic-Strong-Operator-Paving-over-Arbitrary-Maximal-Abelian-Subalgebras-September-25-2026/Quadratic-Strong-Operator-Paving-over-Arbitrary-Maximal-Abelian-Subalgebras-September-25-2026.pdf,True,639497,11,True,True
301,The trace cone classifies Razak–Jacelon stabilizations,preprints/The-trace-cone-classifies-Razak-Jacelon-stabilizations-September-25-2026/The-trace-cone-classifies-Razak-Jacelon-stabilizations-September-25-2026.pdf,True,691926,11,True,True
302,Filtered products and boundary-preserving compression in complex cobordism,preprints/Filtered-products-and-boundary-preserving-compression-in-complex-cobordism-September-25-2026/paper.pdf,True,438185,6,True,True
302,Radius of comparison equals half the mean dimension,preprints/Radius-of-comparison-equals-half-the-mean-dimension-September-25-2026/paper.pdf,True,489582,8,True,True
303,Weak pure infiniteness and O-infinity absorption,preprints/Weak-pure-infiniteness-and-O-infinity-absorption-September-25-2026/paper.pdf,True,655239,12,True,True
304,The Hilbert–Smith conjecture in every finite dimension,preprints/The-Hilbert-Smith-conjecture-in-every-finite-dimension-September-23-2026/paper.pdf,True,604307,9,True,True
305,A boundary-only obstruction to four-dimensional disk embedding,preprints/A-boundary-only-obstruction-to-four-dimensional-disk-embedding-September-24-2026/paper.pdf,True,703521,11,True,True
305,A marked tensor obstruction to four-dimensional disk embedding,preprints/A-marked-tensor-obstruction-to-four-dimensional-disk-embedding-September-24-2026/paper.pdf,True,679568,12,True,True
305,A PD4 group without an aspherical manifold model,preprints/A-PD4-group-without-an-aspherical-manifold-model-September-24-2026/paper.pdf,True,435849,6,True,True
306,Purely cosmetic surgery on knots in the three-sphere,preprints/Purely-Cosmetic-Surgery-on-Knots-in-the-Three-Sphere-September-23-2026/paper.pdf,True,1155652,14,True,True
307,Failure of rational injectivity for maximal coarse assembly,preprints/Failure-of-rational-injectivity-for-maximal-coarse-assembly-October-5-2026/paper.pdf,True,425807,9,True,True
307,A counterexample to the coarse Novikov conjecture,preprints/A-counterexample-to-the-coarse-Novikov-conjecture-September-23-2026/paper.pdf,True,396022,8,True,True
308,Finite Smith–Toda Complexes at Varying Primes,preprints/Finite-Smith-Toda-Complexes-at-Varying-Primes-September-23-2026/paper.pdf,True,608721,12,True,True
308,A finite Smith–Toda complex V(4) at the prime 1009,preprints/A-finite-Smith-Toda-complex-V4-at-the-prime-1009-September-23-2026/paper.pdf,True,579012,10,True,True
309,The Kervaire invariant problem at the prime three,preprints/The-Kervaire-Invariant-Problem-at-the-Prime-Three-September-24-2026/paper.pdf,True,853894,12,True,True
310,Rational homology and Quillen's conjecture,preprints/Rational-homology-and-Quillens-conjecture-September-24-2026/paper.pdf,True,739860,13,True,True
311,Stabilizer orbits and thick tensor ideals of dualizable K(n)-local spectra,preprints/Stabilizer-Orbits-and-Thick-Tensor-Ideals-of-Dualizable-Kn-Local-Spectra-September-24-2026/paper.pdf,True,508514,8,True,True
312,The Grothendieck homotopy hypothesis via elementary expansions,preprints/The-Grothendieck-homotopy-hypothesis-via-elementary-expansions-September-24-2026/paper.pdf,True,504898,9,True,True
313,Finite generation for the K(n)-local sphere,preprints/Finite-generation-for-the-Kn-local-sphere-September-24-2026/Finite-generation-for-the-Kn-local-sphere-September-24-2026.pdf,True,948736,16,True,True
314,Cyclic length and chromatic fixed-point loss,preprints/Cyclic-Length-and-Chromatic-Fixed-Point-Loss-September-24-2026/Cyclic-Length-and-Chromatic-Fixed-Point-Loss-September-24-2026.pdf,True,473688,11,True,True
315,The Singer conjecture in dimension four,preprints/The-Singer-conjecture-in-dimension-four-September-25-2026/paper.pdf,True,557833,13,True,True
316,The Stable Hurewicz Image of the Sphere at Two,preprints/The-Stable-Hurewicz-Image-of-the-Sphere-at-Two-September-25-2026/paper.pdf,True,515149,9,True,True
317,Thomason Model Structures in Every Strict Higher Dimension,preprints/Thomason-Model-Structures-in-Every-Strict-Higher-Dimension-September-25-2026/paper.pdf,True,537399,10,True,True
318,Filtered chromatic splitting at generic primes,preprints/Filtered-chromatic-splitting-at-generic-primes-September-25-2026/paper.pdf,True,969082,14,True,True
318,The height-three chromatic overlap: an explicit filtration and its attachments,preprints/The-height-three-chromatic-overlap-an-explicit-filtration-and-its-attachments-September-27-2026/paper.pdf,True,1033537,15,True,True
318,A rational obstruction to strong chromatic splitting at height three,preprints/A-rational-obstruction-to-strong-chromatic-splitting-at-height-three-September-25-2026/paper.pdf,True,653648,14,True,True
318,Failure of finite assembly for a chromatic overlap at the prime three,preprints/Failure-of-finite-assembly-for-a-chromatic-overlap-at-the-prime-three-September-25-2026/paper.pdf,True,776545,12,True,True
318,Counterexamples to weak chromatic splitting: sphere kernels and descent exponents,preprints/Counterexamples-to-weak-chromatic-splitting-sphere-kernels-and-descent-exponents-September-27-2026/paper.pdf,True,489671,14,True,True
319,Counterexamples to the Hahn-Wilson conjecture at height two,preprints/Counterexamples-to-the-Hahn-Wilson-conjecture-at-height-two-September-26-2026/paper.pdf,True,818602,10,True,True
320,Nonhomeomorphic closed aspherical four-manifolds with the same homotopy type,preprints/Nonhomeomorphic-closed-aspherical-four-manifolds-with-the-same-homotopy-type-October-4-2026/paper.pdf,True,715828,12,True,True
321,A Counterexample to Wall's D(2) Problem,preprints/A-Counterexample-to-Walls-D2-Problem-October-6-2026/wall-d2-counterexample.pdf,True,338287,7,True,True
322,A positive solution to Tingley’s problem,preprints/A-positive-solution-to-Tingleys-problem-September-23-2026/paper.pdf,True,179799,2,True,True
323,Relative independence of the separable quotient problem,preprints/Relative-independence-of-the-separable-quotient-problem-September-23-2026/paper.pdf,True,522434,11,True,True
324,Lipschitz Equivalent Separable Banach Spaces Need Not Be Linearly Isomorphic,preprints/Lipschitz-Equivalent-Separable-Banach-Spaces-Need-Not-Be-Linearly-Isomorphic-September-24-2026/paper.pdf,True,446455,8,True,True
324,Bi-Lipschitz Absorption of c0 Without a Linear Copy of c0,preprints/Bi-Lipschitz-Absorption-of-c0-Without-a-Linear-Copy-of-c0-September-26-2026/paper.pdf,True,478159,10,True,True
325,A direct proof of the complete Crouzeix inequality,preprints/A-direct-proof-of-the-complete-Crouzeix-inequality-September-26-2026/paper.pdf,True,315777,3,True,True
325,The complete Crouzeix theorem: optimal similarity and a common positive boundary representation,preprints/The-complete-Crouzeix-theorem-September-23-2026/paper.pdf,True,431297,3,True,True
326,The cotype–cotype conjecture under the approximation property,preprints/The-cotype-cotype-conjecture-under-the-approximation-property-September-23-2026/paper.pdf,True,390936,8,True,True
327,Nontrivial Markov Type Forces Superreflexivity,preprints/Nontrivial-Markov-Type-Forces-Superreflexivity-September-23-2026/paper.pdf,True,356997,3,True,True
328,Fixed Points of Nonexpansive Maps in Reflexive Banach Spaces,preprints/Fixed-Points-of-Nonexpansive-Maps-in-Reflexive-Banach-Spaces-September-24-2026/paper.pdf,True,442598,9,True,True
329,Counterexamples to the duality conjecture for metric entropy,preprints/Counterexamples-to-the-duality-conjecture-for-metric-entropy-September-24-2026/main.pdf,True,335732,8,True,True
330,A uniformly discrete counterexample to bounded approximation in Lipschitz-free spaces,preprints/Failure-of-Bounded-Approximation-in-a-Lipschitz-Free-Space-over-a-Uniformly-Discrete-Metric-Space-September-26-2026/main.pdf,True,392306,9,True,True
331,Asymptotic midpoint uniform convexity and unbounded diamond distortion in a reflexive tree space,preprints/Asymptotic-midpoint-uniform-convexity-and-unbounded-diamond-distortion-in-a-reflexive-tree-space-September-27-2026/manuscript.pdf,True,378399,12,True,True
331,Midpoint lenses in segment spaces,preprints/Midpoint-lenses-in-segment-spaces-September-27-2026/manuscript.pdf,True,745222,27,True,True
331,Distortion of countably branching diamonds from midpoint and tree energies,preprints/Diamond-distortion-from-midpoint-and-tree-energies-September-27-2026/manuscript.pdf,True,541898,10,True,True
331,Exact asymptotic moduli in a Daugavet subspace of L1,preprints/Exact-asymptotic-moduli-in-a-Daugavet-subspace-of-L1-September-27-2026/manuscript.pdf,True,383094,5,True,True
331,Midpoint convexity from bounded tree potentials and path costs,preprints/Midpoint-convexity-from-bounded-tree-potentials-and-path-costs-September-27-2026/manuscript.pdf,True,629669,9,True,True
331,Independent products in real L1: asymptotic midpoint convexity without AUC renormings,preprints/Independent-products-in-real-L1-asymptotic-midpoint-convexity-without-AUC-renormings-September-27-2026/manuscript.pdf,True,367963,7,True,True
331,Midpoint convexity from two recursive potentials,preprints/Midpoint-convexity-from-two-recursive-potentials-September-27-2026/manuscript.pdf,True,461683,8,True,True
332,Metric Markov Cotype Two of ℓ 1,preprints/Metric-Markov-Cotype-Two-of-l1-October-5-2026/l1-markov-cotype.pdf,True,324716,1,True,True
333,Smooth isometric immersions of closed surfaces into Euclidean four-space,preprints/Smooth-isometric-immersions-of-closed-surfaces-into-Euclidean-four-space-September-23-2026/paper.pdf,True,574161,11,True,True
334,A Smooth Metric with No Local Isometric Immersion into Three-Space,preprints/A-Smooth-Metric-with-No-Local-Isometric-Immersion-into-Three-Space-September-24-2026/paper.pdf,True,435629,9,True,True
335,An integral scalar curvature bound for real simplicial volume,preprints/An-integral-scalar-curvature-bound-for-real-simplicial-volume-October-5-2026/v126-proof.pdf,True,784772,9,True,True
335,Positive scalar curvature forces rational inessentiality,preprints/Positive-scalar-curvature-forces-rational-inessentiality-September-23-2026/paper.pdf,True,498415,11,True,True
336,Spectral scalar curvature and uniform Urysohn width,preprints/Spectral-scalar-curvature-and-uniform-Urysohn-width-October-5-2026/main.pdf,True,449897,7,True,True
336,Spectral scalar curvature and Urysohn width in dimension three,preprints/Spectral-scalar-curvature-and-Urysohn-width-in-dimension-three-October-5-2026/spectral-urysohn-three-manifolds.pdf,True,404045,8,True,True
336,Positive scalar curvature and uniform codimension-two width,preprints/Positive-scalar-curvature-and-uniform-codimension-two-width-September-23-2026/paper.pdf,True,864828,15,True,True
337,Generalized Cartan–Hadamard isoperimetry and Euclidean equality rigidity,preprints/Generalized-Cartan-Hadamard-isoperimetry-and-Euclidean-equality-rigidity-September-23-2026/paper.pdf,True,540830,14,True,True
337,Sharp integral fillings in CAT(0) spaces,preprints/Sharp-integral-fillings-in-CAT(0)-spaces-September-23-2026/paper.pdf,True,602465,12,True,True
338,Uniformization of complete Kähler manifolds with positive bisectional curvature,preprints/Uniformization-of-complete-Kahler-manifolds-with-positive-bisectional-curvature-September-23-2026/paper.pdf,True,787685,12,True,True
339,Entropy equality and local symmetry in negative curvature,preprints/Entropy-equality-and-local-symmetry-in-negative-curvature-September-23-2026/paper.pdf,True,723130,9,True,True
340,A counterexample to the nearby Lagrangian conjecture,preprints/A-counterexample-to-the-nearby-Lagrangian-conjecture-September-23-2026/paper.pdf,True,303836,10,True,True
341,Deforming hypersymplectic four-manifolds to hyperkähler triples,preprints/Deforming-hypersymplectic-four-manifolds-to-hyperkahler-triples-October-7-2026/paper.pdf,True,848832,14,True,True
342,Taming implies compatibility on four-manifolds,preprints/Taming-implies-compatibility-on-four-manifolds-October-6-2026/paper.pdf,True,249763,10,True,True
343,Symplectic Ball Packings in Higher Dimensions,preprints/Symplectic-Ball-Packings-in-Higher-Dimensions-September-23-2026/paper.pdf,True,571301,12,True,True
344,The metric Blaschke theorem,preprints/The-metric-Blaschke-theorem-September-23-2026/paper.pdf,True,594794,13,True,True
345,Infinitely many closed geodesic images on every Riemannian sphere,preprints/Infinitely-many-closed-geodesic-images-on-every-Riemannian-sphere-September-24-2026/paper.pdf,True,626686,14,True,True
346,A Codimension-One Bound for the Singular Set of a Stationary Integral Varifold,preprints/A-Codimension-One-Bound-for-the-Singular-Set-of-a-Stationary-Integral-Varifold-October-5-2026/varifold-singular-dimension.pdf,True,551768,10,True,True
346,Almost-everywhere regularity of stationary integral varifolds,preprints/Almost-everywhere-regularity-of-stationary-integral-varifolds-September-23-2026/paper.pdf,True,780154,13,True,True
347,Hamiltonian Fixed Points Below the Stable Morse Number in Dimension Twenty-Two,preprints/Hamiltonian-Fixed-Points-Below-the-Stable-Morse-Number-in-Dimension-Twenty-Two-October-5-2026/hamiltonian-fixed-points-below-stable-morse-number.pdf,True,440042,8,True,True
347,Sharpness of the Cyclic Integral Floer Bound Below the Stable Morse Number,preprints/Sharpness-of-the-Cyclic-Integral-Floer-Bound-Below-the-Stable-Morse-Number-October-5-2026/sharp-cyclic-integral-floer-bound-below-stable-morse-number.pdf,True,346981,6,True,True
347,Hamiltonian Fixed Points Below the Stable Morse Number,preprints/Hamiltonian-Fixed-Points-Below-the-Stable-Morse-Number-October-5-2026/paper.pdf,True,429623,10,True,True
347,A nondegenerate counterexample to the Morse-number Arnold bound,preprints/A-nondegenerate-counterexample-to-the-Morse-number-Arnold-bound-September-23-2026/paper.pdf,True,424654,7,True,True
347,Three fixed points on the symplectic quadric threefold,preprints/A-degenerate-counterexample-to-the-critical-number-Arnold-bound-September-23-2026/paper.pdf,True,342652,8,True,True
348,Zero-Plane Rigidity for Einstein Four-Manifolds,preprints/Zero-Plane-Rigidity-for-Einstein-Four-Manifolds-October-4-2026/einstein-boundary.pdf,True,587199,11,True,True
348,An L² Einstein Gap for Nonnegatively Curved Four-Manifolds,preprints/An-L2-Einstein-Gap-for-Nonnegatively-Curved-Four-Manifolds-October-5-2026/einstein-gap.pdf,True,347108,1,True,True
348,Positively curved Einstein four-manifolds,preprints/Positively-curved-Einstein-four-manifolds-September-23-2026/paper.pdf,True,720539,14,True,True
349,The Solomon–Yau least-volume theorem,preprints/The-Solomon-Yau-least-volume-theorem-September-23-2026/paper.pdf,True,464820,8,True,True
350,Sharp nodal length on smooth surfaces,preprints/Sharp-nodal-length-on-smooth-surfaces-September-23-2026/paper.pdf,True,420872,9,True,True
350,Smooth counterexamples to Yau's nodal upper bound in dimensions three and four,preprints/Smooth-counterexamples-to-Yaus-nodal-upper-bound-in-dimensions-three-and-four-September-23-2026/paper.pdf,True,681931,12,True,True
350,Power-law violations of Yau's nodal upper bound,preprints/Power-law-violations-of-Yaus-nodal-upper-bound-September-23-2026/paper.pdf,True,528085,6,True,True
351,A closed Ricci flow with bounded scalar curvature and finite-time curvature blowup,preprints/A-closed-Ricci-flow-with-bounded-scalar-curvature-and-finite-time-curvature-blowup-September-24-2026/paper.pdf,True,221862,10,True,True
351,Bounded scalar curvature and smooth extension of four-dimensional Ricci flow,preprints/Bounded-scalar-curvature-and-smooth-extension-of-four-dimensional-Ricci-flow-September-24-2026/paper.pdf,True,679746,10,True,True
351,Path selection and an elliptic inequality on degenerating Ricci-flat trees,preprints/Path-selection-and-an-elliptic-inequality-on-degenerating-Ricci-flat-trees-September-24-2026/paper.pdf,True,542345,10,True,True
352,A finite-time singularity of Calabi flow on projective space,preprints/A-finite-time-singularity-of-Calabi-flow-on-projective-space-September-24-2026/paper.pdf,True,749917,10,True,True
353,A Smooth Nonquadratic Entire Affine Maximal Graph in Dimension Ten,preprints/Smooth-Nonquadratic-Affine-Maximal-Graph-in-Dimension-Ten-October-5-2026/affine-maximal-dimension-ten.pdf,True,284068,1,True,True
353,The affine Bernstein theorem in dimensions three through nine,preprints/The-affine-Bernstein-theorem-in-dimensions-three-through-nine-September-24-2026/main.pdf,True,506133,7,True,True
354,The Isoperimetric Conjecture for the Cubic Flat Three-Torus,preprints/The-Isoperimetric-Conjecture-for-the-Cubic-Flat-Three-Torus-September-24-2026/article.pdf,True,352409,11,True,True
355,Uniqueness of tangent flows at the first singular time of embedded surface mean-curvature flow,preprints/Tangent-flow-uniqueness-2026-09-24/paper.pdf,True,959279,14,True,True
356,Gigli’s distributional curvature characterization of Alexandrov spaces,preprints/Giglis-distributional-curvature-characterization-of-Alexandrov-spaces-September-24-2026/main.pdf,True,615528,9,True,True
356,Weak Hessian bounds along every geodesic in RCD spaces,preprints/Weak-Hessian-bounds-along-every-geodesic-in-RCD-spaces-September-24-2026/weak-hessian-geodesics.pdf,True,347296,7,True,True
357,Bi-Lipschitz Coordinates at Regular Points of Noncollapsed RCD Spaces,preprints/Bi-Lipschitz-Coordinates-at-Regular-Points-of-Noncollapsed-RCD-Spaces-September-25-2026/paper.pdf,True,469839,5,True,True
358,A Three-Manifold Without Conjugate Points and Without a Nonpositively Curved Metric,preprints/A-Three-Manifold-Without-Conjugate-Points-and-Without-a-Nonpositively-Curved-Metric-September-24-2026/paper.pdf,True,444654,9,True,True
359,A negatively pinched Kähler threefold without bounded holomorphic coordinates,preprints/A-negatively-pinched-Kahler-threefold-without-bounded-holomorphic-coordinates-September-25-2026/paper.pdf,True,486089,11,True,True
359,One-sided negative sectional curvature and the holomorphic Liouville property,preprints/One-sided-negative-sectional-curvature-and-the-holomorphic-Liouville-property-September-25-2026/paper.pdf,True,701177,11,True,True
360,Global Support and Convex Injectivity Domains under Weak MTW,preprints/Global-Support-and-Convex-Injectivity-Domains-under-Weak-MTW-September-25-2026/paper.pdf,True,410709,6,True,True
360,Uniform Bi-Holder Transport from Weak MTW,preprints/Uniform-Bi-Holder-Transport-from-Weak-MTW-September-25-2026/paper.pdf,True,506146,7,True,True
361,A counterexample to integer-degree harmonic dimension comparison,preprints/A-counterexample-to-integer-degree-harmonic-dimension-comparison-September-25-2026/paper.pdf,True,464446,11,True,True
361,A Three-Dimensional Counterexample to Integer-Degree Harmonic Dimension Comparison,preprints/A-Three-Dimensional-Counterexample-to-Integer-Degree-Harmonic-Dimension-Comparison-September-26-2026/paper.pdf,True,516678,10,True,True
362,Global classical solutions of the three-dimensional relativistic Vlasov–Maxwell system,preprints/Global-classical-solutions-of-the-three-dimensional-relativistic-Vlasov-Maxwell-system-September-23-2026/paper.pdf,True,601957,14,True,True
363,Nonuniqueness with local conservation for the hard-sphere Boltzmann equation,preprints/Nonuniqueness-with-local-conservation-for-the-hard-sphere-Boltzmann-equation-October-5-2026/paper.pdf,True,792208,16,True,True
363,Nonuniqueness for the periodic hard-sphere Boltzmann equation,preprints/Nonuniqueness-for-the-periodic-hard-sphere-Boltzmann-equation-September-23-2026/paper.pdf,True,688311,13,True,True
364,The Boltzmann–Grad limit for stable radial potentials on regular kinetic intervals,preprints/The-Boltzmann-Grad-limit-for-stable-radial-potentials-on-regular-kinetic-intervals-September-23-2026/paper.pdf,True,759148,9,True,True
364,Hard-sphere fluctuations on the regular Boltzmann lifespan,preprints/Hard-sphere-fluctuations-on-the-regular-Boltzmann-lifespan-September-23-2026/paper.pdf,True,751806,10,True,True
365,Determination of a metric and a unitary connection from one boundary patch,preprints/Determination-of-a-metric-and-a-unitary-connection-from-one-boundary-patch-October-5-2026/paper.pdf,True,621749,9,True,True
365,Smooth anisotropic uniqueness in the Calderón problem from one boundary patch,preprints/Smooth-Anisotropic-Uniqueness-in-the-Calderon-Problem-from-One-Boundary-Patch-September-24-2026/paper.pdf,True,640019,12,True,True
365,Nonuniqueness for bounded measurable scalar conductivities in three dimensions,preprints/Nonuniqueness-for-Bounded-Measurable-Scalar-Conductivities-in-Three-Dimensions-September-23-2026/paper.pdf,True,487936,5,True,True
366,Interior regularity of planar Mumford–Shah minimizers,preprints/Interior-regularity-of-planar-Mumford-Shah-minimizers-September-24-2026/Interior-regularity-of-planar-Mumford-Shah-minimizers-September-24-2026.pdf,True,439332,8,True,True
367,The critical dimension for one-phase Bernoulli minimizers,preprints/The-critical-dimension-for-one-phase-Bernoulli-minimizers-September-24-2026/The-critical-dimension-for-one-phase-Bernoulli-minimizers-September-24-2026.pdf,True,512398,12,True,True
368,Strong diffeomorphic approximation in three dimensions for 1≤p≤2,preprints/Strong-diffeomorphic-approximation-in-three-dimensions-for-1-le-p-le-2-September-24-2026/main.pdf,True,695448,6,True,True
368,Strong diffeomorphic approximation in three dimensions for p>2,preprints/Strong-diffeomorphic-approximation-in-three-dimensions-for-p-gt-2-September-24-2026/main.pdf,True,1062939,8,True,True
369,Strict hot spots and absence of interior critical points on smooth simply connected planar domains,preprints/Strict-hot-spots-and-absence-of-interior-critical-points-on-smooth-simply-connected-planar-domains-September-24-2026/main.pdf,True,390272,8,True,True
370,The Subcritical Hénon–Lane–Emden Conjecture,preprints/The-Subcritical-Henon-Lane-Emden-Conjecture-September-24-2026/paper.pdf,True,406257,7,True,True
371,Stable self-similar blowup for a supercritical defocusing Schrödinger equation on the torus,preprints/Stable-Self-Similar-Blowup-for-a-Supercritical-Defocusing-Schrodinger-Equation-on-the-Torus-September-24-2026/paper.pdf,True,695198,9,True,True
372,Global Uniqueness for the Smooth Isotropic Elasticity Inverse Problem,preprints/Global-Uniqueness-for-the-Smooth-Isotropic-Elasticity-Inverse-Problem-September-24-2026/article.pdf,True,426737,7,True,True
373,A counterexample to the Monge ansatz for the three-marginal Coulomb cost,preprints/A-counterexample-to-the-Monge-ansatz-for-the-three-marginal-Coulomb-cost-September-25-2026/paper.pdf,True,322531,9,True,True
374,Sharp One-Third Stability of Brenier Maps,preprints/Sharp-One-Third-Stability-of-Brenier-Maps-September-25-2026/article.pdf,True,444525,7,True,True
375,A positive resolution of De Giorgi's conjecture in dimension eight,preprints/De-Giorgis-conjecture-in-dimension-eight-September-26-2026/article.pdf,True,938079,12,True,True
376,Finite Instructions and Solenoidal Shear Flows,preprints/Finite-Instructions-and-Solenoidal-Shear-Flows-September-27-2026/manuscript.pdf,True,407030,1,True,True
376,A Fixed Particle Test for Computation in a Forced Viscous Flow,preprints/A-Fixed-Particle-Test-for-Computation-in-a-Forced-Viscous-Flow-September-27-2026/manuscript.pdf,True,403452,3,True,True
376,Universal Computation with Eventually Stationary Navier–Stokes Forcing,preprints/Universal-Computation-with-Eventually-Stationary-Navier-Stokes-Forcing-September-27-2026/manuscript.pdf,True,355267,1,True,True
376,Geometric Programs for Solenoidal Forcing,preprints/Geometric-Programs-for-Solenoidal-Forcing-September-27-2026/manuscript.pdf,True,442432,10,True,True
376,Prefix Instructions and Incompressible Flows,preprints/Prefix-Instructions-and-Incompressible-Flows-September-27-2026/manuscript.pdf,True,702942,11,True,True
376,Computation under Rapidly Vanishing Navier–Stokes Forcing,preprints/Computation-under-Rapidly-Vanishing-Navier-Stokes-Forcing-September-27-2026/manuscript.pdf,True,433621,5,True,True
376,Velocity-Field Detection of Computation in Forced Navier–Stokes Flows,preprints/Velocity-Field-Detection-of-Computation-in-Forced-Navier-Stokes-Flows-September-27-2026/manuscript.pdf,True,402102,3,True,True
376,Scalar Potentials and Slow Clocks for Forced Fluid Computation,preprints/Scalar-Potentials-and-Slow-Clocks-for-Forced-Fluid-Computation-September-27-2026/manuscript.pdf,True,508926,9,True,True
376,Incompressible Box Transport and Finite Computation,preprints/Incompressible-Box-Transport-and-Finite-Computation-October-6-2026/manuscript.pdf,True,767212,16,True,True
377,"Uniform Interior $C^{1,\alpha}$ Estimates for Infinity-Harmonic Functions",preprints/Uniform-Interior-C1alpha-Estimates-for-Infinity-Harmonic-Functions-October-4-2026/interior-c1-infinity-harmonic.pdf,True,635015,12,True,True
